ID Number,Name,Move,Level,Move,Level,Move,Level,Move,Level,Move,Level,Move,Level,Move,Level,Move,Level,Move,Level,Move,Level,Move,Level,Move,Level,Move,Level,Move,Level,Move,Level,Move,Level,Move,Level,Move,Level,Move,Level,Move,Level
0,-----,,,,,,,,,,,,,,,,,,,,,,,,,,,,,,,,,,,,,,,,
1,BULBASAUR,Tackle,1,Growl,3,Leech Seed,7,Vine Whip,9,PoisonPowder,13,Sleep Powder,13,Take Down,15,Razor Leaf,19,Sweet Scent,21,Growth,25,Double-Edge,27,Worry Seed,31,Synthesis,33,Seed Bomb,37,,,,,,,,,,,,
2,IVYSAUR,Tackle,1,Growl,1,Leech Seed,1,Growl,3,Leech Seed,7,Vine Whip,9,PoisonPowder,13,Sleep Powder,13,Take Down,15,Razor Leaf,20,Sweet Scent,23,Growth,28,Double-Edge,31,Worry Seed,36,Synthesis,39,SolarBeam,44,,,,,,,,
3,VENUSAUR,Tackle,1,Growl,1,Leech Seed,1,Vine Whip,1,Growl,3,Leech Seed,7,Vine Whip,9,PoisonPowder,13,Sleep Powder,13,Take Down,15,Razor Leaf,20,Sweet Scent,23,Growth,28,Double-Edge,31,Petal Dance,32,Worry Seed,39,Synthesis,45,SolarBeam,53,,,,
4,CHARMANDER,Scratch,1,Growl,1,Ember,7,SmokeScreen,10,Dragon Rage,16,Scary Face,19,Fire Fang,25,Slash,28,Flamethrower,34,Fire Spin,37,,,,,,,,,,,,,,,,,,,,
5,CHARMELEON,Scratch,1,Growl,1,Ember,1,Ember,7,SmokeScreen,10,Dragon Rage,17,Scary Face,21,Fire Fang,28,Slash,32,Flamethrower,39,Fire Spin,43,,,,,,,,,,,,,,,,,,
6,CHARIZARD,Dragon Claw,1,Shadow Claw,1,Air Slash,1,Scratch,1,Growl,1,Ember,1,SmokeScreen,1,Ember,7,SmokeScreen,10,Dragon Rage,17,Scary Face,21,Fire Fang,28,Slash,32,Wing Attack,36,Flamethrower,42,Fire Spin,49,Heat Wave,59,Flare Blitz,66,,,,
7,SQUIRTLE,Tackle,1,Tail Whip,4,Bubble,7,Withdraw,10,Water Gun,13,Bite,16,Rapid Spin,19,Protect,22,Water Pulse,25,Aqua Tail,28,Skull Bash,31,Iron Defense,34,Rain Dance,37,Hydro Pump,40,,,,,,,,,,,,
8,WARTORTLE,Tackle,1,Tail Whip,1,Bubble,1,Tail Whip,4,Bubble,7,Withdraw,10,Water Gun,13,Bite,16,Rapid Spin,20,Protect,24,Water Pulse,28,Aqua Tail,32,Skull Bash,36,Iron Defense,40,Rain Dance,44,Hydro Pump,48,,,,,,,,
9,BLASTOISE,Flash Cannon,1,Tackle,1,Tail Whip,1,Bubble,1,Withdraw,1,Tail Whip,4,Bubble,7,Withdraw,10,Water Gun,13,Bite,16,Rapid Spin,20,Protect,24,Water Pulse,28,Aqua Tail,32,Skull Bash,39,Iron Defense,46,Rain Dance,53,Hydro Pump,60,,,,
10,CATERPIE,Tackle,1,String Shot,1,Bug Bite,15,,,,,,,,,,,,,,,,,,,,,,,,,,,,,,,,,,
11,METAPOD,Harden,1,Harden,7,,,,,,,,,,,,,,,,,,,,,,,,,,,,,,,,,,,,
12,BUTTERFREE,Confusion,1,Confusion,10,PoisonPowder,12,Stun Spore,12,Sleep Powder,12,Gust,16,Supersonic,18,Whirlwind,22,Psybeam,24,Silver Wind,28,Tailwind,30,Safeguard,34,Captivate,36,Bug Buzz,40,,,,,,,,,,,,
13,WEEDLE,Poison Sting,1,String Shot,1,Bug Bite,15,,,,,,,,,,,,,,,,,,,,,,,,,,,,,,,,,,
14,KAKUNA,Harden,1,Harden,7,,,,,,,,,,,,,,,,,,,,,,,,,,,,,,,,,,,,
15,BEEDRILL,Fury Attack,1,Fury Attack,10,Focus Energy,13,Twineedle,16,Rage,19,Pursuit,22,Toxic Spikes,25,Pin Missile,28,Agility,31,Assurance,34,Poison Jab,37,Endeavor,40,,,,,,,,,,,,,,,,
16,PIDGEY,Tackle,1,Sand-Attack,5,Gust,9,Quick Attack,13,Whirlwind,17,Twister,21,FeatherDance,25,Agility,29,Wing Attack,33,Roost,37,Tailwind,41,Mirror Move,45,Air Slash,49,,,,,,,,,,,,,,
17,PIDGEOTTO,Tackle,1,Sand-Attack,1,Gust,1,Sand-Attack,5,Gust,9,Quick Attack,13,Whirlwind,17,Twister,22,FeatherDance,27,Agility,32,Wing Attack,37,Roost,42,Tailwind,47,Mirror Move,52,Air Slash,57,,,,,,,,,,
18,PIDGEOT,Tackle,1,Sand-Attack,1,Gust,1,Quick Attack,1,Sand-Attack,5,Gust,9,Quick Attack,13,Whirlwind,17,Twister,22,FeatherDance,27,Agility,32,Wing Attack,38,Roost,44,Tailwind,50,Mirror Move,56,Air Slash,62,,,,,,,,
19,RATTATA,Tackle,1,Tail Whip,1,Quick Attack,4,Focus Energy,7,Bite,10,Pursuit,13,Hyper Fang,16,Sucker Punch,19,Crunch,22,Assurance,25,Super Fang,28,Double-Edge,31,Endeavor,34,,,,,,,,,,,,,,
20,RATICATE,Swords Dance,1,Tackle,1,Tail Whip,1,Quick Attack,1,Focus Energy,1,Quick Attack,4,Focus Energy,7,Bite,10,Pursuit,13,Hyper Fang,16,Sucker Punch,19,Scary Face,20,Crunch,24,Assurance,29,Super Fang,34,Double-Edge,39,Endeavor,44,,,,,,
21,SPEAROW,Peck,1,Growl,1,Leer,5,Fury Attack,9,Pursuit,13,Aerial Ace,17,Mirror Move,21,Agility,25,Assurance,29,Roost,33,Drill Peck,37,,,,,,,,,,,,,,,,,,
22,FEAROW,Pluck,1,Peck,1,Growl,1,Leer,1,Fury Attack,1,Leer,5,Fury Attack,9,Pursuit,13,Aerial Ace,17,Mirror Move,23,Agility,29,Assurance,35,Roost,41,Drill Peck,47,,,,,,,,,,,,
23,EKANS,Wrap,1,Leer,1,Poison Sting,4,Bite,9,Glare,12,Screech,17,Acid,20,Stockpile,25,Swallow,25,Spit Up,25,Mud Bomb,28,Gastro Acid,33,Haze,36,Gunk Shot,41,,,,,,,,,,,,
24,ARBOK,Ice Fang,1,Thunder Fang,1,Fire Fang,1,Wrap,1,Leer,1,Poison Sting,1,Bite,1,Poison Sting,4,Bite,9,Glare,12,Screech,17,Acid,20,Crunch,22,Stockpile,28,Swallow,28,Spit Up,28,Mud Bomb,34,Gastro Acid,42,Haze,48,Gunk Shot,56
25,PIKACHU,ThunderShock,1,Growl,1,Tail Whip,5,Thunder Wave,10,Quick Attack,13,Double Team,18,Slam,21,Thunderbolt,26,Feint,29,Agility,34,Discharge,37,Light Screen,42,Thunder,45,,,,,,,,,,,,,,
26,RAICHU,ThunderShock,1,Tail Whip,1,Quick Attack,1,Thunderbolt,1,,,,,,,,,,,,,,,,,,,,,,,,,,,,,,,,
27,SANDSHREW,Scratch,1,Defense Curl,3,Sand-Attack,7,Poison Sting,9,Rapid Spin,13,Swift,15,Fury Swipes,19,Rollout,21,Fury Cutter,25,Sand Tomb,27,Slash,31,Gyro Ball,33,Sandstorm,37,,,,,,,,,,,,,,
28,SANDSLASH,Scratch,1,Defense Curl,1,Sand-Attack,1,Defense Curl,3,Sand-Attack,7,Poison Sting,9,Rapid Spin,13,Swift,15,Fury Swipes,19,Rollout,21,Crush Claw,22,Fury Cutter,28,Sand Tomb,33,Slash,40,Gyro Ball,45,Sandstorm,52,,,,,,,,
29,NIDORAN♀,Growl,1,Scratch,1,Tail Whip,7,Double Kick,9,Poison Sting,13,Fury Swipes,19,Bite,21,Helping Hand,25,Toxic Spikes,31,Flatter,33,Crunch,37,Captivate,43,Poison Fang,45,,,,,,,,,,,,,,
30,NIDORINA,Growl,1,Scratch,1,Tail Whip,7,Double Kick,9,Poison Sting,13,Fury Swipes,20,Bite,23,Helping Hand,28,Toxic Spikes,35,Flatter,38,Crunch,43,Captivate,50,Poison Fang,58,,,,,,,,,,,,,,
31,NIDOQUEEN,Scratch,1,Tail Whip,1,Double Kick,1,Poison Sting,1,Body Slam,23,Earth Power,43,Superpower,58,,,,,,,,,,,,,,,,,,,,,,,,,,
32,NIDORAN♂,Leer,1,Peck,1,Focus Energy,7,Double Kick,9,Poison Sting,13,Fury Attack,19,Horn Attack,21,Helping Hand,25,Toxic Spikes,31,Flatter,33,Poison Jab,37,Captivate,43,Horn Drill,45,,,,,,,,,,,,,,
33,NIDORINO,Leer,1,Peck,1,Focus Energy,7,Double Kick,9,Poison Sting,13,Fury Attack,20,Horn Attack,23,Helping Hand,28,Toxic Spikes,35,Flatter,38,Poison Jab,43,Captivate,50,Horn Drill,58,,,,,,,,,,,,,,
34,NIDOKING,Peck,1,Focus Energy,1,Double Kick,1,Poison Sting,1,Thrash,23,Earth Power,43,Megahorn,58,,,,,,,,,,,,,,,,,,,,,,,,,,
35,CLEFAIRY,Pound,1,Growl,1,Encore,4,Sing,7,DoubleSlap,10,Defense Curl,13,Follow Me,16,Minimize,19,Wake-Up Slap,22,Cosmic Power,25,Lucky Chant,28,Metronome,31,Gravity,34,Moonlight,37,Light Screen,40,Meteor Mash,43,Healing Wish,46,,,,,,
36,CLEFABLE,Sing,1,DoubleSlap,1,Minimize,1,Metronome,1,,,,,,,,,,,,,,,,,,,,,,,,,,,,,,,,
37,VULPIX,Ember,1,Tail Whip,4,Roar,7,Quick Attack,11,Will-O-Wisp,14,Confuse Ray,17,Imprison,21,Flamethrower,24,Safeguard,27,Payback,31,Fire Spin,34,Captivate,37,Grudge,41,Extrasensory,44,Fire Blast,47,,,,,,,,,,
38,NINETALES,Nasty Plot,1,Ember,1,Quick Attack,1,Confuse Ray,1,Safeguard,1,,,,,,,,,,,,,,,,,,,,,,,,,,,,,,
39,JIGGLYPUFF,Sing,1,Defense Curl,5,Pound,9,Disable,13,Rollout,17,DoubleSlap,21,Rest,25,Body Slam,29,Gyro Ball,33,Wake-Up Slap,37,Mimic,41,Hyper Voice,45,Double-Edge,49,,,,,,,,,,,,,,
40,WIGGLYTUFF,Sing,1,Disable,1,Defense Curl,1,DoubleSlap,1,,,,,,,,,,,,,,,,,,,,,,,,,,,,,,,,
41,ZUBAT,Leech Life,1,Supersonic,5,Astonish,9,Bite,13,Wing Attack,17,Confuse Ray,21,Air Cutter,25,Mean Look,29,Poison Fang,33,Haze,37,Air Slash,41,,,,,,,,,,,,,,,,,,
42,GOLBAT,Screech,1,Leech Life,1,Supersonic,1,Astonish,1,Supersonic,5,Astonish,9,Bite,13,Wing Attack,17,Confuse Ray,21,Air Cutter,27,Mean Look,33,Poison Fang,39,Haze,45,Air Slash,51,,,,,,,,,,,,
43,ODDISH,Absorb,1,Sweet Scent,5,Acid,9,PoisonPowder,13,Stun Spore,15,Sleep Powder,17,Mega Drain,21,Lucky Chant,25,Natural Gift,29,Moonlight,33,Giga Drain,37,Petal Dance,41,,,,,,,,,,,,,,,,
44,GLOOM,Absorb,1,Sweet Scent,1,Acid,1,Sweet Scent,5,Acid,9,PoisonPowder,13,Stun Spore,15,Sleep Powder,17,Mega Drain,23,Lucky Chant,29,Natural Gift,35,Moonlight,41,Giga Drain,47,Petal Dance,53,,,,,,,,,,,,
45,VILEPLUME,Mega Drain,1,Aromatherapy,1,Stun Spore,1,PoisonPowder,1,Petal Dance,53,SolarBeam,65,,,,,,,,,,,,,,,,,,,,,,,,,,,,
46,PARAS,Scratch,1,Stun Spore,6,PoisonPowder,6,Leech Life,11,Spore,17,Slash,22,Growth,27,Giga Drain,33,Aromatherapy,38,X-Scissor,43,,,,,,,,,,,,,,,,,,,,
47,PARASECT,Cross Poison,1,Scratch,1,Stun Spore,1,PoisonPowder,1,Leech Life,1,Stun Spore,6,PoisonPowder,6,Leech Life,11,Spore,17,Slash,22,Growth,30,Giga Drain,39,Aromatherapy,47,X-Scissor,55,,,,,,,,,,,,
48,VENONAT,Tackle,1,Disable,1,Foresight,1,Supersonic,5,Confusion,11,PoisonPowder,13,Leech Life,17,Stun Spore,23,Psybeam,25,Sleep Powder,29,Signal Beam,35,Zen Headbutt,37,Poison Fang,41,Psychic,47,,,,,,,,,,,,
49,VENOMOTH,Silver Wind,1,Tackle,1,Disable,1,Foresight,1,Supersonic,1,Supersonic,5,Confusion,11,PoisonPowder,13,Leech Life,17,Stun Spore,23,Psybeam,25,Sleep Powder,29,Gust,31,Signal Beam,37,Zen Headbutt,41,Poison Fang,47,Psychic,55,Bug Buzz,59,,,,
50,DIGLETT,Scratch,1,Sand-Attack,1,Growl,4,Astonish,7,Magnitude,12,Mud-Slap,15,Dig,18,Sucker Punch,23,Earth Power,26,Mud Bomb,29,Slash,34,Earthquake,37,Fissure,40,,,,,,,,,,,,,,
51,DUGTRIO,Night Slash,1,Tri Attack,1,Scratch,1,Sand-Attack,1,Growl,1,Growl,4,Astonish,7,Magnitude,12,Mud-Slap,15,Dig,18,Sucker Punch,23,Sand Tomb,26,Earth Power,28,Mud Bomb,33,Slash,40,Earthquake,45,Fissure,50,,,,,,
52,MEOWTH,Scratch,1,Growl,1,Bite,6,Fake Out,9,Fury Swipes,14,Screech,17,Faint Attack,22,Taunt,25,Pay Day,30,Slash,33,Nasty Plot,38,Assurance,41,Captivate,46,Night Slash,49,Feint,54,,,,,,,,,,
53,PERSIAN,Switcheroo,1,Scratch,1,Growl,1,Bite,1,Fake Out,1,Bite,6,Fake Out,9,Fury Swipes,14,Screech,17,Faint Attack,22,Taunt,25,Power Gem,32,Slash,37,Nasty Plot,44,Assurance,49,Captivate,56,Night Slash,61,Feint,68,,,,
54,PSYDUCK,Water Sport,1,Scratch,1,Tail Whip,5,Water Gun,9,Disable,14,Confusion,18,Water Pulse,22,Fury Swipes,27,Screech,31,Psych Up,35,Zen Headbutt,40,Amnesia,44,Hydro Pump,48,,,,,,,,,,,,,,
55,GOLDUCK,Aqua Jet,1,Water Sport,1,Scratch,1,Tail Whip,1,Water Gun,1,Tail Whip,5,Water Gun,9,Disable,14,Confusion,18,Water Pulse,22,Fury Swipes,27,Screech,31,Psych Up,37,Zen Headbutt,44,Amnesia,50,Hydro Pump,56,,,,,,,,
56,MANKEY,Covet,1,Scratch,1,Low Kick,1,Leer,1,Focus Energy,1,Fury Swipes,9,Karate Chop,13,Seismic Toss,17,Screech,21,Assurance,25,Swagger,33,Cross Chop,37,Thrash,41,Punishment,45,Close Combat,49,,,,,,,,,,
57,PRIMEAPE,Fling,1,Scratch,1,Low Kick,1,Leer,1,Focus Energy,1,Fury Swipes,9,Karate Chop,13,Seismic Toss,17,Screech,21,Assurance,25,Rage,28,Swagger,35,Cross Chop,41,Thrash,47,Punishment,53,Close Combat,59,,,,,,,,
58,GROWLITHE,Bite,1,Roar,1,Ember,6,Leer,9,Odor Sleuth,14,Helping Hand,17,Flame Wheel,20,Reversal,25,Fire Fang,28,Take Down,31,Flamethrower,34,Agility,39,Crunch,42,Heat Wave,45,Flare Blitz,48,,,,,,,,,,
59,ARCANINE,Thunder Fang,1,Bite,1,Roar,1,Fire Fang,1,Odor Sleuth,1,ExtremeSpeed,39,,,,,,,,,,,,,,,,,,,,,,,,,,,,
60,POLIWAG,Water Sport,1,Bubble,5,Hypnosis,8,Water Gun,11,DoubleSlap,15,Rain Dance,18,Body Slam,21,BubbleBeam,25,Mud Shot,28,Belly Drum,31,Wake-Up Slap,35,Hydro Pump,38,Mud Bomb,41,,,,,,,,,,,,,,
61,POLIWHIRL,Water Sport,1,Bubble,1,Hypnosis,1,Bubble,5,Hypnosis,8,Water Gun,11,DoubleSlap,15,Rain Dance,18,Body Slam,21,BubbleBeam,27,Mud Shot,32,Belly Drum,37,Wake-Up Slap,43,Hydro Pump,48,Mud Bomb,53,,,,,,,,,,
62,POLIWRATH,BubbleBeam,1,Hypnosis,1,DoubleSlap,1,Submission,1,DynamicPunch,43,Mind Reader,53,,,,,,,,,,,,,,,,,,,,,,,,,,,,
63,ABRA,Teleport,1,,,,,,,,,,,,,,,,,,,,,,,,,,,,,,,,,,,,,,
64,KADABRA,Teleport,1,Kinesis,1,Confusion,1,Confusion,16,Disable,18,Miracle Eye,22,Psybeam,24,Reflect,28,Recover,30,Psycho Cut,34,Role Play,36,Psychic,40,Future Sight,42,Trick,46,,,,,,,,,,,,
65,ALAKAZAM,Teleport,1,Kinesis,1,Confusion,1,Confusion,16,Disable,18,Miracle Eye,22,Psybeam,24,Reflect,28,Recover,30,Psycho Cut,34,Calm Mind,36,Psychic,40,Future Sight,42,Trick,46,,,,,,,,,,,,
66,MACHOP,Low Kick,1,Leer,1,Focus Energy,7,Karate Chop,10,Foresight,13,Seismic Toss,19,Revenge,22,Vital Throw,25,Submission,31,Wake-Up Slap,34,Cross Chop,37,Scary Face,43,DynamicPunch,46,,,,,,,,,,,,,,
67,MACHOKE,Low Kick,1,Leer,1,Focus Energy,1,Focus Energy,7,Karate Chop,10,Foresight,13,Seismic Toss,19,Revenge,22,Vital Throw,25,Submission,32,Wake-Up Slap,36,Cross Chop,40,Scary Face,44,DynamicPunch,51,,,,,,,,,,,,
68,MACHAMP,Low Kick,1,Leer,1,Focus Energy,1,Focus Energy,7,Karate Chop,10,Foresight,13,Seismic Toss,19,Revenge,22,Vital Throw,25,Submission,32,Wake-Up Slap,36,Cross Chop,40,Scary Face,44,DynamicPunch,51,,,,,,,,,,,,
69,BELLSPROUT,Vine Whip,1,Growth,7,Wrap,11,Sleep Powder,13,PoisonPowder,15,Stun Spore,17,Acid,23,Knock Off,27,Sweet Scent,29,Gastro Acid,35,Razor Leaf,39,Slam,41,Wring Out,47,,,,,,,,,,,,,,
70,WEEPINBELL,Vine Whip,1,Growth,1,Wrap,1,Growth,7,Wrap,11,Sleep Powder,13,PoisonPowder,15,Stun Spore,17,Acid,23,Knock Off,27,Sweet Scent,29,Gastro Acid,35,Razor Leaf,39,Slam,41,Wring Out,47,,,,,,,,,,
71,VICTREEBEL,Stockpile,1,Swallow,1,Spit Up,1,Vine Whip,1,Sleep Powder,1,Sweet Scent,1,Razor Leaf,1,Leaf Storm,47,Leaf Blade,47,,,,,,,,,,,,,,,,,,,,,,
72,TENTACOOL,Poison Sting,1,Supersonic,5,Constrict,8,Acid,12,Toxic Spikes,15,BubbleBeam,19,Wrap,22,Barrier,26,Water Pulse,29,Poison Jab,33,Screech,36,Hydro Pump,40,Wring Out,43,,,,,,,,,,,,,,
73,TENTACRUEL,Poison Sting,1,Supersonic,1,Constrict,1,Supersonic,5,Constrict,8,Acid,12,Toxic Spikes,15,BubbleBeam,19,Wrap,22,Barrier,26,Water Pulse,29,Poison Jab,36,Screech,42,Hydro Pump,49,Wring Out,55,,,,,,,,,,
74,GEODUDE,Tackle,1,Defense Curl,1,Mud Sport,4,Rock Polish,8,Rock Throw,11,Magnitude,15,Selfdestruct,18,Rollout,22,Rock Blast,25,Earthquake,29,Explosion,32,Double-Edge,36,Stone Edge,39,,,,,,,,,,,,,,
75,GRAVELER,Tackle,1,Defense Curl,1,Mud Sport,1,Rock Polish,1,Mud Sport,4,Rock Polish,8,Rock Throw,11,Magnitude,15,Selfdestruct,18,Rollout,22,Rock Blast,27,Earthquake,33,Explosion,38,Double-Edge,44,Stone Edge,49,,,,,,,,,,
76,GOLEM,Tackle,1,Defense Curl,1,Mud Sport,1,Rock Polish,1,Mud Sport,4,Rock Polish,8,Rock Throw,11,Magnitude,15,Selfdestruct,18,Rollout,22,Rock Blast,27,Earthquake,33,Explosion,38,Double-Edge,44,Stone Edge,49,,,,,,,,,,
77,PONYTA,Growl,1,Tackle,1,Tail Whip,6,Ember,10,Flame Wheel,15,Stomp,19,Fire Spin,24,Take Down,28,Agility,33,Fire Blast,37,Bounce,42,Flare Blitz,46,,,,,,,,,,,,,,,,
78,RAPIDASH,Poison Jab,1,Megahorn,1,Growl,1,Quick Attack,1,Tail Whip,1,Ember,1,Tail Whip,6,Ember,10,Flame Wheel,15,Stomp,19,Fire Spin,24,Take Down,28,Agility,33,Fire Blast,37,Fury Attack,40,Bounce,47,Flare Blitz,56,,,,,,
79,SLOWPOKE,Curse,1,Yawn,1,Tackle,1,Growl,6,Water Gun,11,Confusion,15,Disable,20,Headbutt,25,Water Pulse,29,Zen Headbutt,34,Slack Off,39,Amnesia,43,Psychic,48,Rain Dance,53,Psych Up,57,,,,,,,,,,
80,SLOWBRO,Curse,1,Yawn,1,Tackle,1,Growl,1,Growl,6,Water Gun,11,Confusion,15,Disable,20,Headbutt,25,Water Pulse,29,Zen Headbutt,34,Withdraw,37,Slack Off,41,Amnesia,47,Psychic,54,Rain Dance,61,Psych Up,67,,,,,,
81,MAGNEMITE,Metal Sound,1,Tackle,1,ThunderShock,6,Supersonic,11,SonicBoom,14,Thunder Wave,17,Spark,22,Lock-On,27,Magnet Bomb,30,Screech,33,Discharge,38,Mirror Shot,43,Magnet Rise,46,Gyro Ball,49,Zap Cannon,54,,,,,,,,,,
82,MAGNETON,Tri Attack,1,Metal Sound,1,Tackle,1,ThunderShock,1,Supersonic,1,ThunderShock,6,Supersonic,11,SonicBoom,14,Thunder Wave,17,Spark,22,Lock-On,27,Magnet Bomb,30,Screech,34,Discharge,40,Mirror Shot,46,Magnet Rise,50,Gyro Ball,54,Zap Cannon,60,,,,
83,FARFETCH’D,Poison Jab,1,Peck,1,Sand-Attack,1,Leer,1,Fury Cutter,1,Fury Attack,7,Knock Off,9,Aerial Ace,13,Slash,19,Air Cutter,21,Swords Dance,25,Agility,31,Night Slash,33,Air Slash,37,Feint,43,False Swipe,45,,,,,,,,
84,DODUO,Peck,1,Growl,1,Quick Attack,5,Rage,10,Fury Attack,14,Pursuit,19,Uproar,23,Acupressure,28,Double Hit,32,Agility,37,Drill Peck,41,Endeavor,46,,,,,,,,,,,,,,,,
85,DODRIO,Pluck,1,Peck,1,Growl,1,Quick Attack,1,Rage,1,Quick Attack,5,Rage,10,Fury Attack,14,Pursuit,19,Uproar,23,Acupressure,28,Tri Attack,34,Agility,41,Drill Peck,47,Endeavor,54,,,,,,,,,,
86,SEEL,Headbutt,1,Growl,3,Water Sport,7,Icy Wind,11,Encore,13,Ice Shard,17,Rest,21,Aqua Ring,23,Aurora Beam,27,Aqua Jet,31,Brine,33,Take Down,37,Dive,41,Aqua Tail,43,Ice Beam,47,Safeguard,51,,,,,,,,
87,DEWGONG,Headbutt,1,Growl,1,Signal Beam,1,Icy Wind,1,Growl,3,Signal Beam,7,Icy Wind,11,Encore,13,Ice Shard,17,Rest,21,Aqua Ring,23,Aurora Beam,27,Aqua Jet,31,Brine,33,Sheer Cold,34,Take Down,37,Dive,41,Aqua Tail,43,Ice Beam,47,Safeguard,51
88,GRIMER,Poison Gas,1,Pound,1,Harden,4,Mud-Slap,7,Disable,12,Minimize,17,Sludge,20,Mud Bomb,23,Fling,28,Screech,33,Sludge Bomb,36,Acid Armor,39,Gunk Shot,44,Memento,49,,,,,,,,,,,,
89,MUK,Poison Gas,1,Pound,1,Harden,1,Mud-Slap,1,Harden,4,Mud-Slap,7,Disable,12,Minimize,17,Sludge,20,Mud Bomb,23,Fling,28,Screech,33,Sludge Bomb,36,Acid Armor,44,Gunk Shot,54,Memento,65,,,,,,,,
90,SHELLDER,Tackle,1,Withdraw,4,Supersonic,8,Icicle Spear,13,Protect,16,Leer,20,Clamp,25,Ice Shard,28,Aurora Beam,32,Whirlpool,37,Iron Defense,40,Brine,44,Ice Beam,49,,,,,,,,,,,,,,
91,CLOYSTER,Toxic Spikes,1,Withdraw,1,Supersonic,1,Aurora Beam,1,Protect,1,Spikes,28,Spike Cannon,40,,,,,,,,,,,,,,,,,,,,,,,,,,
92,GASTLY,Hypnosis,1,Lick,1,Spite,5,Mean Look,8,Curse,12,Night Shade,15,Confuse Ray,19,Sucker Punch,22,Payback,26,Shadow Ball,29,Dream Eater,33,Dark Pulse,36,Destiny Bond,40,Nightmare,43,,,,,,,,,,,,
93,HAUNTER,Hypnosis,1,Lick,1,Spite,1,Spite,5,Mean Look,8,Curse,12,Night Shade,15,Confuse Ray,19,Sucker Punch,22,Shadow Punch,25,Payback,28,Shadow Ball,33,Dream Eater,39,Dark Pulse,44,Destiny Bond,50,Nightmare,55,,,,,,,,
94,GENGAR,Hypnosis,1,Lick,1,Spite,1,Spite,5,Mean Look,8,Curse,12,Night Shade,15,Confuse Ray,19,Sucker Punch,22,Shadow Punch,25,Payback,28,Shadow Ball,33,Dream Eater,39,Dark Pulse,44,Destiny Bond,50,Nightmare,55,,,,,,,,
95,ONIX,Mud Sport,1,Tackle,1,Harden,1,Bind,1,Screech,6,Rock Throw,9,Rage,14,Rock Tomb,17,Sandstorm,22,Slam,25,Rock Polish,30,DragonBreath,33,Curse,38,Iron Tail,41,Sand Tomb,46,Double-Edge,49,Stone Edge,54,,,,,,
96,DROWZEE,Pound,1,Hypnosis,1,Disable,7,Confusion,9,Headbutt,15,Poison Gas,18,Meditate,21,Psybeam,26,Psych Up,29,Headbutt,32,Swagger,37,Psychic,40,Nasty Plot,43,Zen Headbutt,50,Future Sight,53,,,,,,,,,,
97,HYPNO,Nightmare,1,Switcheroo,1,Pound,1,Hypnosis,1,Disable,1,Confusion,1,Disable,7,Confusion,9,Headbutt,15,Poison Gas,18,Meditate,21,Psybeam,28,Psych Up,33,Headbutt,38,Swagger,45,Psychic,50,Nasty Plot,55,Zen Headbutt,64,Future Sight,69,,
98,KRABBY,Mud Sport,1,Bubble,1,ViceGrip,5,Leer,9,Harden,11,BubbleBeam,15,Mud Shot,19,Metal Claw,21,Stomp,25,Protect,29,Guillotine,31,Slam,35,Brine,39,Crabhammer,41,Flail,45,,,,,,,,,,
99,KINGLER,Mud Sport,1,Bubble,1,ViceGrip,1,ViceGrip,5,Leer,9,Harden,11,BubbleBeam,15,Mud Shot,19,Metal Claw,21,Stomp,25,Protect,32,Guillotine,37,Slam,44,Brine,51,Crabhammer,56,Flail,63,,,,,,,,
100,VOLTORB,Charge,1,Tackle,5,SonicBoom,8,Spark,12,Rollout,15,Screech,19,Light Screen,22,Charge Beam,26,Selfdestruct,29,Swift,33,Magnet Rise,36,Gyro Ball,40,Explosion,43,Mirror Coat,47,,,,,,,,,,,,
101,ELECTRODE,Charge,1,Tackle,1,SonicBoom,1,Spark,1,Tackle,5,SonicBoom,8,Spark,12,Rollout,15,Screech,19,Light Screen,22,Charge Beam,26,Selfdestruct,29,Swift,35,Magnet Rise,40,Gyro Ball,46,Explosion,51,Mirror Coat,57,,,,,,
102,EXEGGCUTE,Barrage,1,Uproar,1,Hypnosis,1,Reflect,7,Leech Seed,11,Bullet Seed,17,Stun Spore,19,PoisonPowder,21,Sleep Powder,23,Confusion,27,Worry Seed,33,Natural Gift,37,SolarBeam,43,Psychic,47,,,,,,,,,,,,
103,EXEGGUTOR,Seed Bomb,1,Barrage,1,Hypnosis,1,Confusion,1,Stomp,1,Stomp,17,Egg Bomb,27,Wood Hammer,37,Leaf Storm,47,,,,,,,,,,,,,,,,,,,,,,
104,CUBONE,Growl,1,Tail Whip,3,Bone Club,7,Headbutt,11,Leer,13,Focus Energy,17,Bonemerang,21,Rage,23,False Swipe,27,Thrash,31,Fling,33,Bone Rush,37,Endeavor,41,Double-Edge,43,,,,,,,,,,,,
105,MAROWAK,Growl,1,Tail Whip,1,Bone Club,1,Headbutt,1,Tail Whip,3,Bone Club,7,Headbutt,11,Leer,13,Focus Energy,17,Bonemerang,21,Rage,23,False Swipe,27,Thrash,33,Fling,37,Bone Rush,43,Endeavor,49,Double-Edge,53,,,,,,
106,HITMONLEE,Revenge,1,Double Kick,1,Meditate,5,Rolling Kick,9,Jump Kick,13,Brick Break,17,Focus Energy,21,Feint,25,Hi Jump Kick,29,Mind Reader,33,Foresight,37,Blaze Kick,41,Endure,45,Mega Kick,49,Close Combat,53,Reversal,57,,,,,,,,
107,HITMONCHAN,Revenge,1,Comet Punch,1,Agility,6,Pursuit,11,Mach Punch,16,Bullet Punch,16,Feint,21,Vacuum Wave,26,ThunderPunch,31,Ice Punch,31,Fire Punch,31,Sky Uppercut,36,Mega Punch,41,Detect,46,Counter,51,Close Combat,56,,,,,,,,
108,LICKITUNG,Lick,1,Supersonic,5,Defense Curl,9,Knock Off,13,Wrap,17,Stomp,21,Disable,25,Slam,29,Rollout,33,Me First,37,Refresh,41,Screech,45,Power Whip,49,Wring Out,53,,,,,,,,,,,,
109,KOFFING,Poison Gas,1,Tackle,1,Smog,6,SmokeScreen,10,Assurance,15,Selfdestruct,19,Sludge,24,Haze,28,Gyro Ball,33,Explosion,37,Sludge Bomb,42,Destiny Bond,46,Memento,51,,,,,,,,,,,,,,
110,WEEZING,Poison Gas,1,Tackle,1,Smog,1,SmokeScreen,1,Smog,6,SmokeScreen,10,Assurance,15,Selfdestruct,19,Sludge,24,Haze,28,Double Hit,33,Explosion,40,Sludge Bomb,48,Destiny Bond,55,Memento,63,,,,,,,,,,
111,RHYHORN,Horn Attack,1,Tail Whip,1,Stomp,9,Fury Attack,13,Scary Face,21,Rock Blast,25,Take Down,33,Horn Drill,37,Stone Edge,45,Earthquake,49,Megahorn,57,,,,,,,,,,,,,,,,,,
112,RHYDON,Horn Attack,1,Tail Whip,1,Stomp,1,Fury Attack,1,Stomp,9,Fury Attack,13,Scary Face,21,Rock Blast,25,Take Down,33,Horn Drill,37,Hammer Arm,42,Stone Edge,45,Earthquake,49,Megahorn,57,,,,,,,,,,,,
113,CHANSEY,Pound,1,Growl,1,Tail Whip,5,Refresh,9,Softboiled,12,DoubleSlap,16,Minimize,20,Sing,23,Fling,27,Defense Curl,31,Light Screen,34,Egg Bomb,38,Healing Wish,42,Double-Edge,46,,,,,,,,,,,,
114,TANGELA,Ingrain,1,Constrict,1,Sleep Powder,5,Absorb,8,Growth,12,PoisonPowder,15,Vine Whip,19,Bind,22,Mega Drain,26,Stun Spore,29,AncientPower,33,Knock Off,36,Natural Gift,40,Slam,43,Tickle,47,Wring Out,50,Power Whip,54,,,,,,
115,KANGASKHAN,Comet Punch,1,Leer,1,Fake Out,7,Tail Whip,10,Bite,13,Mega Punch,19,Rage,22,Dizzy Punch,25,Crunch,31,Endure,34,Outrage,37,Double Hit,43,Sucker Punch,46,Reversal,49,,,,,,,,,,,,
116,HORSEA,Bubble,1,SmokeScreen,4,Leer,8,Water Gun,11,Focus Energy,14,BubbleBeam,18,Agility,23,Twister,26,Brine,30,Hydro Pump,35,Dragon Dance,38,Dragon Pulse,42,,,,,,,,,,,,,,,,
117,SEADRA,Bubble,1,SmokeScreen,1,Leer,1,Water Gun,1,SmokeScreen,4,Leer,8,Water Gun,11,Focus Energy,14,BubbleBeam,18,Agility,23,Twister,26,Brine,30,Hydro Pump,40,Dragon Dance,48,Dragon Pulse,57,,,,,,,,,,
118,GOLDEEN,Peck,1,Tail Whip,1,Water Sport,1,Supersonic,7,Horn Attack,11,Water Pulse,17,Flail,21,Aqua Ring,27,Fury Attack,31,Waterfall,37,Horn Drill,41,Agility,47,Megahorn,51,,,,,,,,,,,,,,
119,SEAKING,Poison Jab,1,Peck,1,Tail Whip,1,Water Sport,1,Supersonic,1,Supersonic,7,Horn Attack,11,Water Pulse,17,Flail,21,Aqua Ring,27,Fury Attack,31,Waterfall,40,Horn Drill,47,Agility,56,Megahorn,63,,,,,,,,,,
120,STARYU,Tackle,1,Harden,1,Water Gun,6,Rapid Spin,10,Recover,15,Camouflage,19,Swift,24,BubbleBeam,28,Minimize,33,Gyro Ball,37,Light Screen,42,Power Gem,46,Cosmic Power,51,Hydro Pump,55,,,,,,,,,,,,
121,STARMIE,Water Gun,1,Rapid Spin,1,Recover,1,Swift,1,Confuse Ray,28,,,,,,,,,,,,,,,,,,,,,,,,,,,,,,
122,MR. MIME,Magical Leaf,1,Power Swap,1,Guard Swap,1,Barrier,1,Confusion,1,Copycat,4,Meditate,8,Encore,11,DoubleSlap,15,Mimic,18,Light Screen,22,Reflect,22,Psybeam,25,Substitute,29,Recycle,32,Trick,36,Psychic,39,Role Play,43,Baton Pass,46,Safeguard,50
123,SCYTHER,Vacuum Wave,1,Quick Attack,1,Leer,1,Focus Energy,5,Pursuit,9,False Swipe,13,Agility,17,Wing Attack,21,Fury Cutter,25,Slash,29,Razor Wind,33,Double Team,37,X-Scissor,41,Night Slash,45,Double Hit,49,Air Slash,53,Swords Dance,57,Feint,61,,,,
124,JYNX,Pound,1,Lick,1,Lovely Kiss,1,Powder Snow,1,Lick,5,Lovely Kiss,8,Powder Snow,11,DoubleSlap,15,Ice Punch,18,Mean Look,21,Fake Tears,25,Wake-Up Slap,28,Avalanche,33,Body Slam,39,Wring Out,44,Perish Song,49,Blizzard,55,,,,,,
125,ELECTABUZZ,Quick Attack,1,Leer,1,ThunderShock,1,ThunderShock,7,Low Kick,10,Swift,16,Shock Wave,19,Light Screen,25,ThunderPunch,28,Discharge,37,Thunderbolt,43,Screech,52,Thunder,58,,,,,,,,,,,,,,
126,MAGMAR,Smog,1,Leer,1,Ember,1,Ember,7,SmokeScreen,10,Faint Attack,16,Fire Spin,19,Confuse Ray,25,Fire Punch,28,Lava Plume,36,Flamethrower,41,Sunny Day,49,Fire Blast,54,,,,,,,,,,,,,,
127,PINSIR,ViceGrip,1,Focus Energy,1,Bind,4,Seismic Toss,8,Harden,13,Revenge,18,Brick Break,21,Vital Throw,25,X-Scissor,30,Thrash,35,Swords Dance,38,Submission,42,Guillotine,47,Superpower,52,,,,,,,,,,,,
128,TAUROS,Tackle,1,Tail Whip,3,Rage,5,Horn Attack,8,Scary Face,11,Pursuit,15,Rest,19,Payback,24,Zen Headbutt,29,Take Down,35,Swagger,41,Thrash,48,Giga Impact,55,,,,,,,,,,,,,,
129,MAGIKARP,Splash,1,Tackle,15,Flail,30,,,,,,,,,,,,,,,,,,,,,,,,,,,,,,,,,,
130,GYARADOS,Thrash,1,Bite,20,Dragon Rage,23,Leer,26,Twister,29,Ice Fang,32,Aqua Tail,35,Rain Dance,38,Hydro Pump,41,Dragon Dance,44,Hyper Beam,47,,,,,,,,,,,,,,,,,,
131,LAPRAS,Sing,1,Growl,1,Water Gun,1,Mist,4,Confuse Ray,7,Ice Shard,10,Water Pulse,14,Body Slam,18,Rain Dance,22,Perish Song,27,Ice Beam,32,Brine,37,Safeguard,43,Hydro Pump,49,Sheer Cold,55,,,,,,,,,,
132,DITTO,Transform,1,,,,,,,,,,,,,,,,,,,,,,,,,,,,,,,,,,,,,,
133,EEVEE,Tail Whip,1,Tackle,1,Helping Hand,1,Sand-Attack,8,Growl,15,Quick Attack,22,Bite,29,Baton Pass,36,Take Down,43,Last Resort,50,Trump Card,57,,,,,,,,,,,,,,,,,,
134,VAPOREON,Tail Whip,1,Tackle,1,Helping Hand,1,Sand-Attack,8,Water Gun,15,Quick Attack,22,Bite,29,Aurora Beam,36,Aqua Ring,43,Last Resort,50,Haze,57,Acid Armor,64,Hydro Pump,71,Muddy Water,78,,,,,,,,,,,,
135,JOLTEON,Tail Whip,1,Tackle,1,Helping Hand,1,Sand-Attack,8,ThunderShock,15,Quick Attack,22,Double Kick,29,Pin Missile,36,Thunder Fang,43,Last Resort,50,Thunder Wave,57,Agility,64,Thunder,71,Discharge,78,,,,,,,,,,,,
136,FLAREON,Tail Whip,1,Tackle,1,Helping Hand,1,Sand-Attack,8,Ember,15,Quick Attack,22,Bite,29,Fire Spin,36,Fire Fang,43,Last Resort,50,Smog,57,Scary Face,64,Fire Blast,71,Lava Plume,78,,,,,,,,,,,,
137,PORYGON,Conversion 2,1,Tackle,1,Conversion,1,Sharpen,1,Psybeam,7,Agility,12,Recover,18,Magnet Rise,23,Signal Beam,29,Recycle,34,Discharge,40,Lock-On,45,Tri Attack,51,Magic Coat,56,Zap Cannon,62,,,,,,,,,,
138,OMANYTE,Constrict,1,Withdraw,1,Bite,7,Water Gun,10,Rollout,16,Leer,19,Mud Shot,25,Brine,28,Protect,34,AncientPower,37,Tickle,43,Rock Blast,46,Hydro Pump,52,,,,,,,,,,,,,,
139,OMASTAR,Constrict,1,Withdraw,1,Bite,1,Bite,7,Water Gun,10,Rollout,16,Leer,19,Mud Shot,25,Brine,28,Protect,34,AncientPower,37,Spike Cannon,40,Tickle,48,Rock Blast,56,Hydro Pump,67,,,,,,,,,,
140,KABUTO,Scratch,1,Harden,1,Absorb,6,Leer,11,Mud Shot,16,Sand-Attack,21,Endure,26,Aqua Jet,31,Mega Drain,36,Metal Sound,41,AncientPower,46,Wring Out,51,,,,,,,,,,,,,,,,
141,KABUTOPS,Feint,1,Scratch,1,Harden,1,Absorb,1,Leer,1,Absorb,6,Leer,11,Mud Shot,16,Sand-Attack,21,Endure,26,Aqua Jet,31,Mega Drain,36,Slash,40,Metal Sound,45,AncientPower,54,Wring Out,63,Night Slash,72,,,,,,
142,AERODACTYL,Ice Fang,1,Fire Fang,1,Thunder Fang,1,Wing Attack,1,Supersonic,1,Bite,1,Scary Face,1,Roar,9,Agility,17,AncientPower,25,Crunch,33,Take Down,41,Iron Head,49,Hyper Beam,57,Rock Slide,65,Giga Impact,73,,,,,,,,
143,SNORLAX,Tackle,1,Defense Curl,4,Amnesia,9,Lick,12,Belly Drum,17,Yawn,20,Rest,25,Snore,28,Sleep Talk,28,Body Slam,33,Block,36,Rollout,41,Crunch,44,Giga Impact,49,,,,,,,,,,,,
144,ARTICUNO,Gust,1,Powder Snow,1,Mist,8,Ice Shard,15,Mind Reader,22,AncientPower,29,Agility,36,Ice Beam,43,Reflect,50,Roost,57,Tailwind,64,Blizzard,71,Sheer Cold,78,Hail,85,,,,,,,,,,,,
145,ZAPDOS,Peck,1,ThunderShock,1,Thunder Wave,8,Detect,15,Pluck,22,AncientPower,29,Charge,36,Agility,43,Discharge,50,Roost,57,Light Screen,64,Drill Peck,71,Thunder,78,Rain Dance,85,,,,,,,,,,,,
146,MOLTRES,Wing Attack,1,Ember,1,Fire Spin,8,Agility,15,Endure,22,AncientPower,29,Flamethrower,36,Safeguard,43,Air Slash,50,Roost,57,Heat Wave,64,SolarBeam,71,Sky Attack,78,Sunny Day,85,,,,,,,,,,,,
147,DRATINI,Wrap,1,Leer,1,Thunder Wave,5,Twister,11,Dragon Rage,15,Slam,21,Agility,25,Aqua Tail,31,Dragon Rush,35,Safeguard,41,Dragon Dance,45,Outrage,51,Hyper Beam,55,,,,,,,,,,,,,,
148,DRAGONAIR,Wrap,1,Leer,1,Thunder Wave,1,Twister,1,Thunder Wave,5,Twister,11,Dragon Rage,15,Slam,21,Agility,25,Aqua Tail,33,Dragon Rush,39,Safeguard,47,Dragon Dance,53,Outrage,61,Hyper Beam,67,,,,,,,,,,
149,DRAGONITE,Fire Punch,1,ThunderPunch,1,Roost,1,Wrap,1,Leer,1,Thunder Wave,1,Twister,1,Thunder Wave,5,Twister,11,Dragon Rage,15,Slam,21,Agility,25,Aqua Tail,33,Dragon Rush,39,Safeguard,47,Dragon Dance,53,Wing Attack,55,Outrage,64,Hyper Beam,73,,
150,MEWTWO,Confusion,1,Disable,1,Barrier,8,Swift,15,Future Sight,22,Psych Up,29,Miracle Eye,36,Mist,43,Psycho Cut,50,Amnesia,57,Power Swap,64,Guard Swap,64,Psychic,71,Me First,79,Recover,86,Safeguard,93,Aura Sphere,100,,,,,,
151,MEW,Pound,1,Transform,1,Mega Punch,10,Metronome,20,Psychic,30,Barrier,40,AncientPower,50,Amnesia,60,Me First,70,Baton Pass,80,Nasty Plot,90,Aura Sphere,100,,,,,,,,,,,,,,,,
152,CHIKORITA,Tackle,1,Growl,1,Razor Leaf,6,PoisonPowder,9,Synthesis,12,Reflect,17,Magical Leaf,20,Natural Gift,23,Sweet Scent,28,Light Screen,31,Body Slam,34,Safeguard,39,Aromatherapy,42,SolarBeam,45,,,,,,,,,,,,
153,BAYLEEF,Tackle,1,Growl,1,Razor Leaf,1,PoisonPowder,1,Razor Leaf,6,PoisonPowder,9,Synthesis,12,Reflect,18,Magical Leaf,22,Natural Gift,26,Sweet Scent,32,Light Screen,36,Body Slam,40,Safeguard,46,Aromatherapy,50,SolarBeam,54,,,,,,,,
154,MEGANIUM,Tackle,1,Growl,1,Razor Leaf,1,PoisonPowder,1,Razor Leaf,6,PoisonPowder,9,Synthesis,12,Reflect,18,Magical Leaf,22,Natural Gift,26,Petal Dance,32,Sweet Scent,34,Light Screen,40,Body Slam,46,Safeguard,54,Aromatherapy,60,SolarBeam,66,,,,,,
155,CYNDAQUIL,Tackle,1,Leer,1,SmokeScreen,4,Ember,10,Quick Attack,13,Flame Wheel,19,Defense Curl,22,Swift,28,Lava Plume,31,Flamethrower,37,Rollout,40,Double-Edge,46,Eruption,49,,,,,,,,,,,,,,
156,QUILAVA,Tackle,1,Leer,1,SmokeScreen,1,SmokeScreen,4,Ember,10,Quick Attack,13,Flame Wheel,20,Defense Curl,24,Swift,31,Lava Plume,35,Flamethrower,42,Rollout,46,Double-Edge,53,Eruption,57,,,,,,,,,,,,
157,TYPHLOSION,Gyro Ball,1,Tackle,1,Leer,1,SmokeScreen,1,Ember,1,SmokeScreen,4,Ember,10,Quick Attack,13,Flame Wheel,20,Defense Curl,24,Swift,31,Lava Plume,35,Flamethrower,42,Rollout,46,Double-Edge,53,Eruption,57,,,,,,,,
158,TOTODILE,Scratch,1,Leer,1,Water Gun,6,Rage,8,Bite,13,Scary Face,15,Ice Fang,20,Flail,22,Crunch,27,Slash,29,Screech,34,Thrash,36,Aqua Tail,41,Superpower,43,Hydro Pump,48,,,,,,,,,,
159,CROCONAW,Scratch,1,Leer,1,Water Gun,1,Water Gun,6,Rage,8,Bite,13,Scary Face,15,Ice Fang,21,Flail,24,Crunch,30,Slash,33,Screech,39,Thrash,42,Aqua Tail,48,Superpower,51,Hydro Pump,57,,,,,,,,
160,FERALIGATR,Scratch,1,Leer,1,Water Gun,1,Rage,1,Water Gun,6,Rage,8,Bite,13,Scary Face,15,Ice Fang,21,Flail,24,Agility,30,Crunch,32,Slash,37,Screech,45,Thrash,50,Aqua Tail,58,Superpower,63,Hydro Pump,71,,,,
161,SENTRET,Scratch,1,Foresight,1,Defense Curl,4,Quick Attack,7,Fury Swipes,13,Helping Hand,16,Follow Me,19,Slam,25,Rest,28,Sucker Punch,31,Amnesia,36,Baton Pass,39,Me First,42,Hyper Voice,47,,,,,,,,,,,,
162,FURRET,Scratch,1,Foresight,1,Defense Curl,1,Quick Attack,1,Defense Curl,4,Quick Attack,7,Fury Swipes,13,Helping Hand,17,Follow Me,21,Slam,28,Rest,32,Sucker Punch,36,Amnesia,42,Baton Pass,46,Me First,50,Hyper Voice,56,,,,,,,,
163,HOOTHOOT,Tackle,1,Growl,1,Foresight,1,Hypnosis,5,Peck,9,Uproar,13,Reflect,17,Confusion,21,Take Down,25,Air Slash,29,Zen Headbutt,33,Extrasensory,37,Psycho Shift,41,Roost,45,Dream Eater,49,,,,,,,,,,
164,NOCTOWL,Sky Attack,1,Tackle,1,Growl,1,Foresight,1,Hypnosis,1,Hypnosis,5,Peck,9,Uproar,13,Reflect,17,Confusion,22,Take Down,27,Air Slash,32,Zen Headbutt,37,Extrasensory,42,Psycho Shift,47,Roost,52,Dream Eater,57,,,,,,
165,LEDYBA,Tackle,1,Supersonic,6,Comet Punch,9,Light Screen,14,Reflect,14,Safeguard,14,Mach Punch,17,Baton Pass,22,Silver Wind,25,Agility,30,Swift,33,Double-Edge,38,Bug Buzz,41,,,,,,,,,,,,,,
166,LEDIAN,Tackle,1,Supersonic,1,Comet Punch,1,Supersonic,6,Comet Punch,9,Light Screen,14,Reflect,14,Safeguard,14,Mach Punch,17,Baton Pass,24,Silver Wind,29,Agility,36,Swift,41,Double-Edge,48,Bug Buzz,53,,,,,,,,,,
167,SPINARAK,Poison Sting,1,String Shot,1,Scary Face,5,Constrict,8,Leech Life,12,Night Shade,15,Shadow Sneak,19,Fury Swipes,22,Sucker Punch,26,Spider Web,29,Agility,33,Pin Missile,36,Psychic,40,Poison Jab,43,,,,,,,,,,,,
168,ARIADOS,Bug Bite,1,Poison Sting,1,String Shot,1,Scary Face,1,Constrict,1,Scary Face,5,Constrict,8,Leech Life,12,Night Shade,15,Shadow Sneak,19,Fury Swipes,23,Sucker Punch,28,Spider Web,32,Agility,37,Pin Missile,41,Psychic,46,Poison Jab,50,,,,,,
169,CROBAT,Cross Poison,1,Screech,1,Leech Life,1,Supersonic,1,Astonish,1,Supersonic,5,Astonish,9,Bite,13,Wing Attack,17,Confuse Ray,21,Air Cutter,27,Mean Look,33,Poison Fang,39,Haze,45,Air Slash,51,,,,,,,,,,
170,CHINCHOU,Bubble,1,Supersonic,1,Thunder Wave,6,Flail,9,Water Gun,12,Confuse Ray,17,Spark,20,Take Down,23,BubbleBeam,28,Signal Beam,31,Discharge,34,Aqua Ring,39,Hydro Pump,42,Charge,45,,,,,,,,,,,,
171,LANTURN,Bubble,1,Supersonic,1,Thunder Wave,1,Thunder Wave,6,Flail,9,Water Gun,12,Confuse Ray,17,Spark,20,Take Down,23,Stockpile,27,Swallow,27,Spit Up,27,BubbleBeam,30,Signal Beam,35,Discharge,40,Aqua Ring,47,Hydro Pump,52,Charge,57,,,,
172,PICHU,ThunderShock,1,Charm,1,Tail Whip,5,Thunder Wave,10,Sweet Kiss,13,Nasty Plot,18,,,,,,,,,,,,,,,,,,,,,,,,,,,,
173,CLEFFA,Pound,1,Charm,1,Encore,4,Sing,7,Sweet Kiss,10,Copycat,13,Magical Leaf,16,,,,,,,,,,,,,,,,,,,,,,,,,,
174,IGGLYBUFF,Sing,1,Charm,1,Defense Curl,5,Pound,9,Sweet Kiss,13,Copycat,17,,,,,,,,,,,,,,,,,,,,,,,,,,,,
175,TOGEPI,Growl,1,Charm,1,Metronome,6,Sweet Kiss,10,Yawn,15,Encore,19,Follow Me,24,Wish,28,AncientPower,33,Safeguard,37,Baton Pass,42,Double-Edge,46,Last Resort,51,,,,,,,,,,,,,,
176,TOGETIC,Magical Leaf,1,Growl,1,Charm,1,Metronome,1,Sweet Kiss,1,Metronome,6,Sweet Kiss,10,Yawn,15,Encore,19,Follow Me,24,Wish,28,AncientPower,33,Safeguard,37,Baton Pass,42,Double-Edge,46,Last Resort,51,,,,,,,,
177,NATU,Peck,1,Leer,1,Night Shade,6,Teleport,9,Lucky Chant,12,Miracle Eye,17,Me First,20,Confuse Ray,23,Wish,28,Psycho Shift,33,Future Sight,36,Ominous Wind,39,Power Swap,44,Guard Swap,44,Psychic,47,,,,,,,,,,
178,XATU,Peck,1,Leer,1,Night Shade,6,Teleport,9,Lucky Chant,12,Miracle Eye,17,Me First,20,Confuse Ray,23,Tailwind,27,Wish,30,Psycho Shift,37,Future Sight,42,Ominous Wind,47,Power Swap,54,Guard Swap,54,Psychic,59,,,,,,,,
179,MAREEP,Tackle,1,Growl,5,ThunderShock,10,Thunder Wave,14,Cotton Spore,19,Charge,23,Discharge,28,Signal Beam,32,Light Screen,37,Power Gem,41,Thunder,46,,,,,,,,,,,,,,,,,,
180,FLAAFFY,Tackle,1,Growl,1,ThunderShock,1,Growl,5,ThunderShock,10,Thunder Wave,14,Cotton Spore,20,Charge,25,Discharge,31,Signal Beam,36,Light Screen,42,Power Gem,47,Thunder,53,,,,,,,,,,,,,,
181,AMPHAROS,Fire Punch,1,Tackle,1,Growl,1,ThunderShock,1,Thunder Wave,1,Growl,5,ThunderShock,10,Thunder Wave,14,Cotton Spore,20,Charge,25,ThunderPunch,30,Discharge,34,Signal Beam,42,Light Screen,51,Power Gem,59,Thunder,68,,,,,,,,
182,BELLOSSOM,Leaf Blade,1,Mega Drain,1,Sweet Scent,1,Stun Spore,1,Sunny Day,1,Magical Leaf,23,Leaf Storm,53,,,,,,,,,,,,,,,,,,,,,,,,,,
183,MARILL,Tackle,1,Defense Curl,2,Tail Whip,7,Water Gun,10,Rollout,15,BubbleBeam,18,Aqua Ring,23,Double-Edge,27,Rain Dance,32,Aqua Tail,37,Hydro Pump,42,,,,,,,,,,,,,,,,,,
184,AZUMARILL,Tackle,1,Defense Curl,1,Tail Whip,1,Water Gun,1,Defense Curl,2,Tail Whip,7,Water Gun,10,Rollout,15,BubbleBeam,20,Aqua Ring,27,Double-Edge,33,Rain Dance,40,Aqua Tail,47,Hydro Pump,54,,,,,,,,,,,,
185,SUDOWOODO,Wood Hammer,1,Copycat,1,Flail,1,Low Kick,1,Rock Throw,1,Flail,6,Low Kick,9,Rock Throw,14,Mimic,17,Block,22,Faint Attack,25,Rock Tomb,30,Rock Slide,33,Slam,38,Sucker Punch,41,Double-Edge,46,Hammer Arm,49,,,,,,
186,POLITOED,BubbleBeam,1,Hypnosis,1,DoubleSlap,1,Perish Song,1,Swagger,27,Bounce,37,Hyper Voice,48,,,,,,,,,,,,,,,,,,,,,,,,,,
187,HOPPIP,Splash,1,Synthesis,4,Tail Whip,7,Tackle,10,PoisonPowder,12,Stun Spore,14,Sleep Powder,16,Bullet Seed,19,Leech Seed,22,Mega Drain,25,Cotton Spore,28,U-turn,31,Worry Seed,34,Giga Drain,37,Bounce,40,Memento,43,,,,,,,,
188,SKIPLOOM,Splash,1,Synthesis,1,Tail Whip,1,Tackle,1,Synthesis,4,Tail Whip,7,Tackle,10,PoisonPowder,12,Stun Spore,14,Sleep Powder,16,Bullet Seed,20,Leech Seed,24,Mega Drain,28,Cotton Spore,32,U-turn,36,Worry Seed,40,Giga Drain,44,Bounce,48,Memento,52,,
189,JUMPLUFF,Splash,1,Synthesis,1,Tail Whip,1,Tackle,1,Synthesis,4,Tail Whip,7,Tackle,10,PoisonPowder,12,Stun Spore,14,Sleep Powder,16,Bullet Seed,20,Leech Seed,24,Mega Drain,28,Cotton Spore,32,U-turn,36,Worry Seed,40,Giga Drain,44,Bounce,48,Memento,52,,
190,AIPOM,Scratch,1,Tail Whip,1,Sand-Attack,4,Astonish,8,Baton Pass,11,Tickle,15,Fury Swipes,18,Swift,22,Screech,25,Agility,29,Double Hit,32,Fling,36,Nasty Plot,39,Last Resort,43,,,,,,,,,,,,
191,SUNKERN,Absorb,1,Growth,1,Mega Drain,5,Ingrain,9,GrassWhistle,13,Leech Seed,17,Endeavor,21,Worry Seed,25,Razor Leaf,29,Synthesis,33,Sunny Day,37,Giga Drain,41,Seed Bomb,45,,,,,,,,,,,,,,
192,SUNFLORA,Absorb,1,Pound,1,Growth,1,Mega Drain,5,Ingrain,9,GrassWhistle,13,Leech Seed,17,Bullet Seed,21,Worry Seed,25,Razor Leaf,29,Petal Dance,33,Sunny Day,37,SolarBeam,41,Leaf Storm,43,,,,,,,,,,,,
193,YANMA,Tackle,1,Foresight,1,Quick Attack,6,Double Team,11,SonicBoom,14,Detect,17,Supersonic,22,Uproar,27,Pursuit,30,AncientPower,33,Hypnosis,38,Wing Attack,43,Screech,46,U-turn,49,Air Slash,54,Bug Buzz,57,,,,,,,,
194,WOOPER,Water Gun,1,Tail Whip,1,Mud Sport,5,Mud Shot,9,Slam,15,Mud Bomb,19,Amnesia,23,Yawn,29,Earthquake,33,Rain Dance,37,Mist,43,Haze,43,Muddy Water,47,,,,,,,,,,,,,,
195,QUAGSIRE,Water Gun,1,Tail Whip,1,Mud Sport,1,Mud Sport,5,Mud Shot,9,Slam,15,Mud Bomb,19,Amnesia,24,Yawn,31,Earthquake,36,Rain Dance,41,Mist,48,Haze,48,Muddy Water,53,,,,,,,,,,,,
196,ESPEON,Tail Whip,1,Tackle,1,Helping Hand,1,Sand-Attack,8,Confusion,15,Quick Attack,22,Swift,29,Psybeam,36,Future Sight,43,Last Resort,50,Psych Up,57,Psychic,64,Morning Sun,71,Power Swap,78,,,,,,,,,,,,
197,UMBREON,Tail Whip,1,Tackle,1,Helping Hand,1,Sand-Attack,8,Pursuit,15,Quick Attack,22,Confuse Ray,29,Faint Attack,36,Assurance,43,Last Resort,50,Mean Look,57,Screech,64,Moonlight,71,Guard Swap,78,,,,,,,,,,,,
198,MURKROW,Peck,1,Astonish,1,Pursuit,5,Haze,11,Wing Attack,15,Night Shade,21,Assurance,25,Taunt,31,Faint Attack,35,Mean Look,41,Sucker Punch,45,,,,,,,,,,,,,,,,,,
199,SLOWKING,Power Gem,1,Hidden Power,1,Curse,1,Yawn,1,Tackle,1,Growl,6,Water Gun,11,Confusion,15,Disable,20,Headbutt,25,Water Pulse,29,Zen Headbutt,34,Nasty Plot,39,Swagger,43,Psychic,48,Trump Card,53,Psych Up,57,,,,,,
200,MISDREAVUS,Growl,1,Psywave,1,Spite,5,Astonish,10,Confuse Ray,14,Mean Look,19,Psybeam,23,Pain Split,28,Payback,32,Shadow Ball,37,Perish Song,41,Grudge,46,Power Gem,50,,,,,,,,,,,,,,
201,UNOWN,Hidden Power,1,,,,,,,,,,,,,,,,,,,,,,,,,,,,,,,,,,,,,,
202,WOBBUFFET,Counter,1,Mirror Coat,1,Safeguard,1,Destiny Bond,1,,,,,,,,,,,,,,,,,,,,,,,,,,,,,,,,
203,GIRAFARIG,Power Swap,1,Guard Swap,1,Astonish,1,Tackle,1,Growl,1,Confusion,1,Odor Sleuth,5,Stomp,10,Agility,14,Psybeam,19,Baton Pass,23,Assurance,28,Double Hit,32,Psychic,37,Zen Headbutt,41,Crunch,46,,,,,,,,
204,PINECO,Tackle,1,Protect,1,Selfdestruct,6,Bug Bite,9,Take Down,12,Rapid Spin,17,Bide,20,Natural Gift,23,Spikes,28,Payback,31,Explosion,34,Iron Defense,39,Gyro Ball,42,Double-Edge,45,,,,,,,,,,,,
205,FORRETRESS,Toxic Spikes,1,Tackle,1,Protect,1,Selfdestruct,1,Bug Bite,1,Selfdestruct,6,Bug Bite,9,Take Down,12,Rapid Spin,17,Bide,20,Natural Gift,23,Spikes,28,Mirror Shot,31,Payback,33,Explosion,38,Iron Defense,45,Gyro Ball,50,Double-Edge,55,Magnet Rise,62,Zap Cannon,67
206,DUNSPARCE,Rage,1,Defense Curl,5,Yawn,9,Glare,13,Rollout,17,Spite,21,Pursuit,25,Screech,29,Roost,33,Take Down,37,AncientPower,41,Dig,45,Endeavor,49,Flail,53,,,,,,,,,,,,
207,GLIGAR,Poison Sting,1,Sand-Attack,5,Harden,9,Knock Off,12,Quick Attack,16,Fury Cutter,20,Faint Attack,23,Screech,27,Slash,31,Swords Dance,34,U-turn,38,X-Scissor,42,Guillotine,45,,,,,,,,,,,,,,
208,STEELIX,Thunder Fang,1,Ice Fang,1,Fire Fang,1,Mud Sport,1,Tackle,1,Harden,1,Bind,1,Screech,6,Rock Throw,9,Rage,14,Rock Tomb,17,Sandstorm,22,Slam,25,Rock Polish,30,DragonBreath,33,Curse,38,Iron Tail,41,Crunch,46,Double-Edge,49,Stone Edge,54
209,SNUBBULL,Ice Fang,1,Fire Fang,1,Thunder Fang,1,Tackle,1,Scary Face,1,Tail Whip,1,Charm,1,Bite,7,Lick,13,Headbutt,19,Roar,25,Rage,31,Take Down,37,Payback,43,Crunch,49,,,,,,,,,,
210,GRANBULL,Ice Fang,1,Fire Fang,1,Thunder Fang,1,Tackle,1,Scary Face,1,Tail Whip,1,Charm,1,Bite,7,Lick,13,Headbutt,19,Roar,27,Rage,35,Take Down,43,Payback,51,Crunch,59,,,,,,,,,,
211,QWILFISH,Spikes,1,Tackle,1,Poison Sting,1,Harden,9,Minimize,9,Water Gun,13,Rollout,17,Toxic Spikes,21,Stockpile,25,Spit Up,25,Revenge,29,Brine,33,Pin Missile,37,Take Down,41,Aqua Tail,45,Poison Jab,49,Destiny Bond,53,Hydro Pump,57,,,,
212,SCIZOR,Bullet Punch,1,Quick Attack,1,Leer,1,Focus Energy,5,Pursuit,9,False Swipe,13,Agility,17,Metal Claw,21,Fury Cutter,25,Slash,29,Razor Wind,33,Iron Defense,37,X-Scissor,41,Night Slash,45,Double Hit,49,Iron Head,53,Swords Dance,57,Feint,61,,,,
213,SHUCKLE,Withdraw,1,Constrict,1,Bide,1,Encore,9,Safeguard,14,Wrap,22,Rest,27,Gastro Acid,35,Bug Bite,40,Power Trick,48,,,,,,,,,,,,,,,,,,,,
214,HERACROSS,Night Slash,1,Tackle,1,Leer,1,Horn Attack,1,Endure,1,Fury Attack,7,Aerial Ace,13,Brick Break,19,Counter,25,Take Down,31,Close Combat,37,Reversal,43,Feint,49,Megahorn,55,,,,,,,,,,,,
215,SNEASEL,Scratch,1,Leer,1,Taunt,1,Quick Attack,8,Screech,10,Faint Attack,14,Fury Swipes,21,Agility,24,Icy Wind,28,Slash,35,Beat Up,38,Metal Claw,42,Ice Shard,49,,,,,,,,,,,,,,
216,TEDDIURSA,Covet,1,Scratch,1,Leer,1,Lick,1,Fake Tears,1,Fury Swipes,8,Faint Attack,15,Sweet Scent,22,Slash,29,Charm,36,Rest,43,Snore,43,Thrash,50,Fling,57,,,,,,,,,,,,
217,URSARING,Covet,1,Scratch,1,Leer,1,Lick,1,Fake Tears,1,Fury Swipes,8,Faint Attack,15,Sweet Scent,22,Slash,29,Scary Face,38,Rest,47,Snore,49,Thrash,58,Hammer Arm,67,,,,,,,,,,,,
218,SLUGMA,Yawn,1,Smog,1,Ember,8,Rock Throw,11,Harden,16,Recover,23,AncientPower,26,Amnesia,31,Lava Plume,38,Rock Slide,41,Body Slam,46,Flamethrower,53,Earth Power,56,,,,,,,,,,,,,,
219,MAGCARGO,Yawn,1,Smog,1,Ember,1,Rock Throw,1,Ember,8,Rock Throw,11,Harden,16,Recover,23,AncientPower,26,Amnesia,31,Lava Plume,40,Rock Slide,45,Body Slam,52,Flamethrower,61,Earth Power,66,,,,,,,,,,
220,SWINUB,Tackle,1,Odor Sleuth,1,Mud Sport,4,Powder Snow,8,Mud-Slap,13,Endure,16,Mud Bomb,20,Icy Wind,25,Ice Shard,28,Take Down,32,Earthquake,37,Mist,40,Blizzard,44,Amnesia,49,,,,,,,,,,,,
221,PILOSWINE,AncientPower,1,Peck,1,Odor Sleuth,1,Mud Sport,1,Powder Snow,1,Mud Sport,4,Powder Snow,8,Mud-Slap,13,Endure,16,Mud Bomb,20,Icy Wind,25,Ice Fang,28,Take Down,32,Fury Attack,33,Earthquake,40,Mist,48,Blizzard,56,Amnesia,65,,,,
222,CORSOLA,Tackle,1,Harden,4,Bubble,8,Recover,13,Refresh,16,Rock Blast,20,BubbleBeam,25,Lucky Chant,28,AncientPower,32,Aqua Ring,37,Spike Cannon,40,Power Gem,44,Mirror Coat,48,Earth Power,53,,,,,,,,,,,,
223,REMORAID,Water Gun,1,Lock-On,6,Psybeam,10,Aurora Beam,14,BubbleBeam,19,Focus Energy,23,Bullet Seed,27,Water Pulse,32,Signal Beam,36,Ice Beam,40,Hyper Beam,45,,,,,,,,,,,,,,,,,,
224,OCTILLERY,Gunk Shot,1,Rock Blast,1,Water Gun,1,Constrict,1,Psybeam,1,Aurora Beam,1,Constrict,6,Psybeam,10,Aurora Beam,14,BubbleBeam,19,Focus Energy,23,Octazooka,25,Bullet Seed,29,Wring Out,36,Signal Beam,42,Ice Beam,48,Hyper Beam,55,,,,,,
225,DELIBIRD,Present,1,,,,,,,,,,,,,,,,,,,,,,,,,,,,,,,,,,,,,,
226,MANTINE,Psybeam,1,Bullet Seed,1,Signal Beam,1,Tackle,1,Bubble,1,Supersonic,1,BubbleBeam,1,Supersonic,4,BubbleBeam,10,Headbutt,13,Agility,19,Wing Attack,22,Water Pulse,28,Take Down,31,Confuse Ray,37,Bounce,40,Aqua Ring,46,Hydro Pump,49,,,,
227,SKARMORY,Leer,1,Peck,1,Sand-Attack,6,Swift,9,Agility,12,Fury Attack,17,Feint,20,Air Cutter,23,Spikes,28,Metal Sound,31,Steel Wing,34,Air Slash,39,Slash,42,Night Slash,45,,,,,,,,,,,,
228,HOUNDOUR,Leer,1,Ember,1,Howl,4,Smog,9,Roar,14,Bite,17,Odor Sleuth,22,Beat Up,27,Fire Fang,30,Faint Attack,35,Embargo,40,Flamethrower,43,Crunch,48,Nasty Plot,53,,,,,,,,,,,,
229,HOUNDOOM,Thunder Fang,1,Leer,1,Ember,1,Howl,1,Smog,1,Howl,4,Smog,9,Roar,14,Bite,17,Odor Sleuth,22,Beat Up,28,Fire Fang,32,Faint Attack,38,Embargo,44,Flamethrower,48,Crunch,54,Nasty Plot,60,,,,,,
230,KINGDRA,Yawn,1,Bubble,1,SmokeScreen,1,Leer,1,Water Gun,1,SmokeScreen,4,Leer,8,Water Gun,11,Focus Energy,14,BubbleBeam,18,Agility,23,Twister,26,Brine,30,Hydro Pump,40,Dragon Dance,48,Dragon Pulse,57,,,,,,,,
231,PHANPY,Odor Sleuth,1,Tackle,1,Growl,1,Defense Curl,1,Flail,6,Take Down,10,Rollout,15,Natural Gift,19,Slam,24,Endure,28,Charm,33,Last Resort,37,Double-Edge,42,,,,,,,,,,,,,,
232,DONPHAN,Fire Fang,1,Thunder Fang,1,Horn Attack,1,Growl,1,Defense Curl,1,Flail,1,Rapid Spin,6,Knock Off,10,Rollout,15,Magnitude,19,Slam,24,Fury Attack,25,Assurance,31,Scary Face,39,Earthquake,46,Giga Impact,54,,,,,,,,
233,PORYGON2,Conversion 2,1,Tackle,1,Conversion,1,Defense Curl,1,Psybeam,7,Agility,12,Recover,18,Magnet Rise,23,Signal Beam,29,Recycle,34,Discharge,40,Lock-On,45,Tri Attack,51,Magic Coat,56,Zap Cannon,62,Hyper Beam,67,,,,,,,,
234,STANTLER,Tackle,1,Leer,3,Astonish,7,Hypnosis,10,Stomp,13,Sand-Attack,16,Take Down,21,Confuse Ray,23,Calm Mind,27,Role Play,33,Zen Headbutt,38,Imprison,43,Captivate,49,Me First,53,,,,,,,,,,,,
235,SMEARGLE,Sketch,1,Sketch,11,Sketch,21,Sketch,31,Sketch,41,Sketch,51,Sketch,61,Sketch,71,Sketch,81,Sketch,91,,,,,,,,,,,,,,,,,,,,
236,TYROGUE,Tackle,1,Helping Hand,1,Fake Out,1,Foresight,1,,,,,,,,,,,,,,,,,,,,,,,,,,,,,,,,
237,HITMONTOP,Revenge,1,Rolling Kick,1,Focus Energy,6,Pursuit,10,Quick Attack,15,Triple Kick,19,Rapid Spin,24,Counter,28,Feint,33,Agility,37,Gyro Ball,42,Detect,46,Close Combat,51,Endeavor,55,,,,,,,,,,,,
238,SMOOCHUM,Pound,1,Lick,5,Sweet Kiss,8,Powder Snow,11,Confusion,15,Sing,18,Mean Look,21,Fake Tears,25,Lucky Chant,28,Avalanche,31,Psychic,35,Copycat,38,Perish Song,41,Blizzard,45,,,,,,,,,,,,
239,ELEKID,Quick Attack,1,Leer,1,ThunderShock,7,Low Kick,10,Swift,16,Shock Wave,19,Light Screen,25,ThunderPunch,28,Discharge,34,Thunderbolt,37,Screech,43,Thunder,46,,,,,,,,,,,,,,,,
240,MAGBY,Smog,1,Leer,1,Ember,7,SmokeScreen,10,Faint Attack,16,Fire Spin,19,Confuse Ray,25,Fire Punch,28,Lava Plume,34,Flamethrower,37,Sunny Day,43,Fire Blast,46,,,,,,,,,,,,,,,,
241,MILTANK,Tackle,1,Growl,3,Defense Curl,5,Stomp,8,Milk Drink,11,Bide,15,Rollout,19,Body Slam,24,Zen Headbutt,29,Captivate,35,Gyro Ball,41,Heal Bell,48,Wake-Up Slap,55,,,,,,,,,,,,,,
242,BLISSEY,Pound,1,Growl,1,Tail Whip,5,Refresh,9,Softboiled,12,DoubleSlap,16,Minimize,20,Sing,23,Fling,27,Defense Curl,31,Light Screen,34,Egg Bomb,38,Healing Wish,42,Double-Edge,46,,,,,,,,,,,,
243,RAIKOU,Bite,1,Leer,1,ThunderShock,8,Roar,15,Quick Attack,22,Spark,29,Reflect,36,Crunch,43,Thunder Fang,50,Discharge,57,Extrasensory,64,Rain Dance,71,Calm Mind,78,Thunder,85,,,,,,,,,,,,
244,ENTEI,Bite,1,Leer,1,Ember,8,Roar,15,Fire Spin,22,Stomp,29,Flamethrower,36,Swagger,43,Fire Fang,50,Lava Plume,57,Extrasensory,64,Fire Blast,71,Calm Mind,78,Eruption,85,,,,,,,,,,,,
245,SUICUNE,Bite,1,Leer,1,BubbleBeam,8,Rain Dance,15,Gust,22,Aurora Beam,29,Mist,36,Mirror Coat,43,Ice Fang,50,Tailwind,57,Extrasensory,64,Hydro Pump,71,Calm Mind,78,Blizzard,85,,,,,,,,,,,,
246,LARVITAR,Bite,1,Leer,1,Sandstorm,5,Screech,10,Rock Slide,14,Scary Face,19,Thrash,23,Dark Pulse,28,Payback,32,Crunch,37,Earthquake,41,Stone Edge,46,Hyper Beam,50,,,,,,,,,,,,,,
247,PUPITAR,Bite,1,Leer,1,Sandstorm,1,Screech,1,Sandstorm,5,Screech,10,Rock Slide,14,Scary Face,19,Thrash,23,Dark Pulse,28,Payback,34,Crunch,41,Earthquake,47,Stone Edge,54,Hyper Beam,60,,,,,,,,,,
248,TYRANITAR,Thunder Fang,1,Ice Fang,1,Fire Fang,1,Bite,1,Leer,1,Sandstorm,1,Screech,1,Sandstorm,5,Screech,10,Rock Slide,14,Scary Face,19,Thrash,23,Dark Pulse,28,Payback,34,Crunch,41,Earthquake,47,Stone Edge,54,Hyper Beam,70,,,,
249,LUGIA,Whirlwind,1,Safeguard,9,Gust,15,Recover,23,Hydro Pump,29,Rain Dance,37,Swift,43,Natural Gift,51,AncientPower,57,Extrasensory,65,Punishment,71,Future Sight,79,Aeroblast,85,Calm Mind,93,Sky Attack,99,,,,,,,,,,
250,HO-OH,Whirlwind,1,Safeguard,9,Gust,15,Recover,23,Fire Blast,29,Sunny Day,37,Swift,43,Natural Gift,51,AncientPower,57,Extrasensory,65,Punishment,71,Future Sight,79,Sacred Fire,85,Calm Mind,93,Sky Attack,99,,,,,,,,,,
251,CELEBI,Leech Seed,1,Confusion,1,Recover,1,Heal Bell,1,Safeguard,10,Magical Leaf,19,AncientPower,28,Baton Pass,37,Natural Gift,46,Heal Block,55,Future Sight,64,Healing Wish,73,Leaf Storm,82,Perish Song,91,,,,,,,,,,,,
252,TREECKO,Pound,1,Leer,1,Absorb,6,Quick Attack,11,Pursuit,16,Screech,21,Mega Drain,26,Agility,31,Slam,36,Detect,41,Giga Drain,46,Energy Ball,51,,,,,,,,,,,,,,,,
253,GROVYLE,Pound,1,Leer,1,Absorb,1,Quick Attack,1,Absorb,6,Quick Attack,11,Fury Cutter,16,Pursuit,17,Screech,23,Leaf Blade,29,Agility,35,Slam,41,Detect,47,False Swipe,53,Leaf Storm,59,,,,,,,,,,
254,SCEPTILE,Night Slash,1,Pound,1,Leer,1,Absorb,1,Quick Attack,1,Absorb,6,Quick Attack,11,X-Scissor,16,Pursuit,17,Screech,23,Leaf Blade,29,Agility,35,Slam,43,Detect,51,False Swipe,59,Leaf Storm,67,,,,,,,,
255,TORCHIC,Scratch,1,Growl,1,Focus Energy,7,Ember,10,Peck,16,Sand-Attack,19,Fire Spin,25,Quick Attack,28,Slash,34,Mirror Move,37,Flamethrower,43,,,,,,,,,,,,,,,,,,
256,COMBUSKEN,Scratch,1,Growl,1,Focus Energy,1,Ember,1,Focus Energy,7,Ember,13,Double Kick,16,Peck,17,Sand-Attack,21,Bulk Up,28,Quick Attack,32,Slash,39,Mirror Move,43,Sky Uppercut,50,Flare Blitz,54,,,,,,,,,,
257,BLAZIKEN,Fire Punch,1,Scratch,1,Growl,1,Focus Energy,1,Ember,1,Focus Energy,7,Ember,13,Double Kick,16,Peck,17,Sand-Attack,21,Bulk Up,28,Quick Attack,32,Blaze Kick,36,Slash,42,Brave Bird,49,Sky Uppercut,59,Flare Blitz,66,,,,,,
258,MUDKIP,Tackle,1,Growl,1,Mud-Slap,6,Water Gun,10,Bide,15,Foresight,19,Mud Sport,24,Take Down,28,Whirlpool,33,Protect,37,Hydro Pump,42,Endeavor,46,,,,,,,,,,,,,,,,
259,MARSHTOMP,Tackle,1,Growl,1,Mud-Slap,1,Water Gun,1,Mud-Slap,6,Water Gun,10,Bide,15,Mud Shot,16,Foresight,20,Mud Bomb,25,Take Down,31,Muddy Water,37,Protect,42,Earthquake,46,Endeavor,53,,,,,,,,,,
260,SWAMPERT,Tackle,1,Growl,1,Mud-Slap,1,Water Gun,1,Mud-Slap,6,Water Gun,10,Bide,15,Mud Shot,16,Foresight,20,Mud Bomb,25,Take Down,31,Muddy Water,39,Protect,46,Earthquake,52,Endeavor,61,Hammer Arm,69,,,,,,,,
261,POOCHYENA,Tackle,1,Howl,5,Sand-Attack,9,Bite,13,Odor Sleuth,17,Roar,21,Swagger,25,Assurance,29,Scary Face,33,Taunt,37,Embargo,41,Take Down,45,Sucker Punch,49,Crunch,53,,,,,,,,,,,,
262,MIGHTYENA,Tackle,1,Howl,1,Sand-Attack,1,Bite,1,Howl,5,Sand-Attack,9,Bite,13,Odor Sleuth,17,Roar,22,Swagger,27,Assurance,32,Scary Face,37,Taunt,42,Embargo,47,Take Down,52,Thief,57,Sucker Punch,62,,,,,,
263,ZIGZAGOON,Tackle,1,Growl,1,Tail Whip,5,Headbutt,9,Sand-Attack,13,Odor Sleuth,17,Mud Sport,21,Pin Missile,25,Covet,29,Flail,33,Rest,37,Belly Drum,41,Fling,45,,,,,,,,,,,,,,
264,LINOONE,Switcheroo,1,Tackle,1,Growl,1,Tail Whip,1,Headbutt,1,Tail Whip,5,Headbutt,9,Sand-Attack,13,Odor Sleuth,17,Mud Sport,23,Fury Swipes,29,Covet,35,Slash,41,Rest,47,Belly Drum,53,Fling,59,,,,,,,,
265,WURMPLE,Tackle,1,String Shot,1,Poison Sting,5,Bug Bite,15,,,,,,,,,,,,,,,,,,,,,,,,,,,,,,,,
266,SILCOON,Harden,1,Harden,7,,,,,,,,,,,,,,,,,,,,,,,,,,,,,,,,,,,,
267,BEAUTIFLY,Absorb,1,Absorb,10,Gust,13,Stun Spore,17,Morning Sun,20,Mega Drain,24,Whirlwind,27,Attract,31,Silver Wind,34,Giga Drain,38,Bug Buzz,41,,,,,,,,,,,,,,,,,,
268,CASCOON,Harden,1,Harden,7,,,,,,,,,,,,,,,,,,,,,,,,,,,,,,,,,,,,
269,DUSTOX,Confusion,1,Confusion,10,Gust,13,Protect,17,Moonlight,20,Psybeam,24,Whirlwind,27,Light Screen,31,Silver Wind,34,Toxic,38,Bug Buzz,41,,,,,,,,,,,,,,,,,,
270,LOTAD,Astonish,1,Growl,3,Absorb,5,Nature Power,7,Mist,11,Natural Gift,15,Mega Drain,19,BubbleBeam,25,Zen Headbutt,31,Rain Dance,37,Energy Ball,45,,,,,,,,,,,,,,,,,,
271,LOMBRE,Astonish,1,Growl,3,Absorb,5,Nature Power,7,Fake Out,11,Fury Swipes,15,Water Sport,19,BubbleBeam,25,Zen Headbutt,31,Uproar,37,Hydro Pump,45,,,,,,,,,,,,,,,,,,
272,LUDICOLO,Astonish,1,Growl,1,Mega Drain,1,Nature Power,1,,,,,,,,,,,,,,,,,,,,,,,,,,,,,,,,
273,SEEDOT,Bide,1,Harden,3,Growth,7,Nature Power,13,Synthesis,21,Sunny Day,31,Explosion,43,,,,,,,,,,,,,,,,,,,,,,,,,,
274,NUZLEAF,Razor Leaf,1,Pound,1,Harden,3,Growth,7,Nature Power,13,Fake Out,19,Torment,25,Faint Attack,31,Razor Wind,37,Swagger,43,Extrasensory,49,,,,,,,,,,,,,,,,,,
275,SHIFTRY,Faint Attack,1,Whirlwind,1,Nasty Plot,1,Razor Leaf,1,Leaf Storm,49,,,,,,,,,,,,,,,,,,,,,,,,,,,,,,
276,TAILLOW,Peck,1,Growl,1,Focus Energy,4,Quick Attack,8,Wing Attack,13,Double Team,19,Endeavor,26,Aerial Ace,34,Agility,43,Air Slash,53,,,,,,,,,,,,,,,,,,,,
277,SWELLOW,Pluck,1,Peck,1,Growl,1,Focus Energy,1,Quick Attack,1,Focus Energy,4,Quick Attack,8,Wing Attack,13,Double Team,19,Endeavor,28,Aerial Ace,38,Agility,49,Air Slash,61,,,,,,,,,,,,,,
278,WINGULL,Growl,1,Water Gun,1,Supersonic,6,Wing Attack,11,Mist,16,Water Pulse,19,Quick Attack,24,Roost,29,Pursuit,34,Agility,37,Aerial Ace,42,Air Slash,47,,,,,,,,,,,,,,,,
279,PELIPPER,Growl,1,Water Gun,1,Water Sport,1,Wing Attack,1,Supersonic,6,Wing Attack,11,Mist,16,Water Pulse,19,Payback,24,Protect,25,Roost,31,Stockpile,38,Swallow,38,Spit Up,38,Fling,43,Tailwind,50,Hydro Pump,57,,,,,,
280,RALTS,Growl,1,Confusion,6,Double Team,10,Teleport,12,Lucky Chant,17,Magical Leaf,21,Calm Mind,23,Psychic,28,Imprison,32,Future Sight,34,Charm,39,Hypnosis,43,Dream Eater,45,,,,,,,,,,,,,,
281,KIRLIA,Growl,1,Confusion,1,Double Team,1,Teleport,1,Confusion,6,Double Team,10,Teleport,12,Lucky Chant,17,Magical Leaf,22,Calm Mind,25,Psychic,31,Imprison,36,Future Sight,39,Charm,45,Hypnosis,50,Dream Eater,53,,,,,,,,
282,GARDEVOIR,Healing Wish,1,Growl,1,Confusion,1,Double Team,1,Teleport,1,Confusion,6,Double Team,10,Teleport,12,Wish,17,Magical Leaf,22,Calm Mind,25,Psychic,33,Imprison,40,Future Sight,45,Captivate,53,Hypnosis,60,Dream Eater,65,,,,,,
283,SURSKIT,Bubble,1,Quick Attack,7,Sweet Scent,13,Water Sport,19,BubbleBeam,25,Agility,31,Mist,37,Haze,37,Baton Pass,43,,,,,,,,,,,,,,,,,,,,,,
284,MASQUERAIN,Ominous Wind,1,Bubble,1,Quick Attack,1,Sweet Scent,1,Water Sport,1,Quick Attack,7,Sweet Scent,13,Water Sport,19,Gust,22,Scary Face,26,Stun Spore,33,Silver Wind,40,Air Slash,47,Whirlwind,54,Bug Buzz,61,,,,,,,,,,
285,SHROOMISH,Absorb,1,Tackle,5,Stun Spore,9,Leech Seed,13,Mega Drain,17,Headbutt,21,PoisonPowder,25,Worry Seed,29,Growth,33,Giga Drain,37,Seed Bomb,41,Spore,45,,,,,,,,,,,,,,,,
286,BRELOOM,Absorb,1,Tackle,1,Stun Spore,1,Leech Seed,1,Tackle,5,Stun Spore,9,Leech Seed,13,Mega Drain,17,Headbutt,21,Mach Punch,23,Counter,25,Force Palm,29,Sky Uppercut,33,Mind Reader,37,Seed Bomb,41,DynamicPunch,45,,,,,,,,
287,SLAKOTH,Scratch,1,Yawn,1,Encore,7,Slack Off,13,Faint Attack,19,Amnesia,25,Covet,31,Counter,37,Flail,43,,,,,,,,,,,,,,,,,,,,,,
288,VIGOROTH,Scratch,1,Focus Energy,1,Encore,1,Uproar,1,Encore,7,Uproar,13,Fury Swipes,19,Endure,25,Slash,31,Counter,37,Focus Punch,43,Reversal,49,,,,,,,,,,,,,,,,
289,SLAKING,Scratch,1,Yawn,1,Encore,1,Slack Off,1,Encore,7,Slack Off,13,Faint Attack,19,Amnesia,25,Covet,31,Swagger,36,Counter,37,Flail,43,Fling,49,Punishment,55,Hammer Arm,61,,,,,,,,,,
290,NINCADA,Scratch,1,Harden,1,Leech Life,5,Sand-Attack,9,Fury Swipes,14,Mind Reader,19,False Swipe,25,Mud-Slap,31,Metal Claw,38,Dig,45,,,,,,,,,,,,,,,,,,,,
291,NINJASK,Bug Bite,1,Scratch,1,Harden,1,Leech Life,1,Sand-Attack,1,Leech Life,5,Sand-Attack,9,Fury Swipes,14,Mind Reader,19,Double Team,20,Fury Cutter,20,Screech,20,Swords Dance,25,Slash,31,Agility,38,Baton Pass,45,X-Scissor,52,,,,,,
292,SHEDINJA,Scratch,1,Harden,1,Leech Life,5,Sand-Attack,9,Fury Swipes,14,Mind Reader,19,Spite,25,Confuse Ray,31,Shadow Sneak,38,Grudge,45,Heal Block,52,Shadow Ball,59,,,,,,,,,,,,,,,,
293,WHISMUR,Pound,1,Uproar,5,Astonish,11,Howl,15,Supersonic,21,Stomp,25,Screech,31,Roar,35,Rest,41,Sleep Talk,41,Hyper Voice,45,,,,,,,,,,,,,,,,,,
294,LOUDRED,Pound,1,Uproar,1,Astonish,1,Howl,1,Uproar,5,Astonish,11,Howl,15,Bite,20,Supersonic,23,Stomp,29,Screech,37,Roar,43,Rest,51,Sleep Talk,51,Hyper Voice,57,,,,,,,,,,
295,EXPLOUD,Ice Fang,1,Fire Fang,1,Thunder Fang,1,Pound,1,Uproar,1,Astonish,1,Howl,1,Uproar,5,Astonish,11,Howl,15,Bite,20,Supersonic,23,Stomp,29,Screech,37,Crunch,40,Roar,45,Rest,55,Sleep Talk,55,Hyper Voice,63,Hyper Beam,71
296,MAKUHITA,Tackle,1,Focus Energy,1,Sand-Attack,4,Arm Thrust,7,Vital Throw,10,Fake Out,13,Whirlwind,16,Knock Off,19,SmellingSalt,22,Belly Drum,25,Force Palm,28,Seismic Toss,31,Wake-Up Slap,34,Endure,37,Close Combat,40,Reversal,43,,,,,,,,
297,HARIYAMA,Brine,1,Tackle,1,Focus Energy,1,Sand-Attack,1,Arm Thrust,1,Sand-Attack,4,Arm Thrust,7,Vital Throw,10,Fake Out,13,Whirlwind,16,Knock Off,19,SmellingSalt,22,Belly Drum,27,Force Palm,32,Seismic Toss,37,Wake-Up Slap,42,Endure,47,Close Combat,52,Reversal,57,,
298,AZURILL,Splash,1,Charm,2,Tail Whip,7,Bubble,10,Slam,15,Water Gun,18,,,,,,,,,,,,,,,,,,,,,,,,,,,,
299,NOSEPASS,Tackle,1,Harden,7,Rock Throw,13,Block,19,Thunder Wave,25,Rock Slide,31,Sandstorm,37,Rest,43,Power Gem,49,Discharge,55,Stone Edge,61,Zap Cannon,67,Lock-On,73,Earth Power,79,,,,,,,,,,,,
300,SKITTY,Fake Out,1,Growl,1,Tail Whip,1,Tackle,1,Foresight,4,Attract,8,Sing,11,DoubleSlap,15,Copycat,18,Assist,22,Charm,25,Faint Attack,29,Wake-Up Slap,32,Covet,36,Heal Bell,39,Double-Edge,42,Captivate,46,,,,,,
301,DELCATTY,Fake Out,1,Attract,1,Sing,1,DoubleSlap,1,,,,,,,,,,,,,,,,,,,,,,,,,,,,,,,,
302,SABLEYE,Leer,1,Scratch,1,Foresight,4,Night Shade,8,Astonish,11,Fury Swipes,15,Fake Out,18,Detect,22,Shadow Sneak,25,Knock Off,29,Faint Attack,32,Punishment,36,Shadow Claw,39,Power Gem,43,Confuse Ray,46,Zen Headbutt,50,Shadow Ball,53,Mean Look,57,,,,
303,MAWILE,Astonish,1,Fake Tears,6,Bite,11,Sweet Scent,16,ViceGrip,21,Faint Attack,26,Baton Pass,31,Crunch,36,Iron Defense,41,Sucker Punch,46,Stockpile,51,Swallow,51,Spit Up,51,Iron Head,56,,,,,,,,,,,,
304,ARON,Tackle,1,Harden,4,Mud-Slap,8,Headbutt,11,Metal Claw,15,Iron Defense,18,Roar,22,Take Down,25,Iron Head,29,Protect,32,Metal Sound,36,Iron Tail,39,Double-Edge,43,Metal Burst,46,,,,,,,,,,,,
305,LAIRON,Tackle,1,Harden,1,Mud-Slap,1,Headbutt,1,Harden,4,Mud-Slap,8,Headbutt,11,Metal Claw,15,Iron Defense,18,Roar,22,Take Down,25,Iron Head,29,Protect,34,Metal Sound,40,Iron Tail,45,Double-Edge,51,Metal Burst,56,,,,,,
306,AGGRON,Tackle,1,Harden,1,Mud-Slap,1,Headbutt,1,Harden,4,Mud-Slap,8,Headbutt,11,Metal Claw,15,Iron Defense,18,Roar,22,Take Down,25,Iron Head,29,Protect,34,Metal Sound,40,Iron Tail,48,Double-Edge,57,Metal Burst,65,,,,,,
307,MEDITITE,Bide,1,Meditate,4,Confusion,8,Detect,11,Hidden Power,15,Mind Reader,18,Feint,22,Calm Mind,25,Force Palm,29,Hi Jump Kick,32,Psych Up,36,Power Trick,39,Reversal,43,Recover,46,,,,,,,,,,,,
308,MEDICHAM,Fire Punch,1,ThunderPunch,1,Ice Punch,1,Bide,1,Meditate,1,Confusion,1,Detect,1,Meditate,4,Confusion,8,Detect,11,Hidden Power,15,Mind Reader,18,Feint,22,Calm Mind,25,Force Palm,29,Hi Jump Kick,32,Psych Up,36,Power Trick,42,Reversal,49,Recover,55
309,ELECTRIKE,Tackle,1,Thunder Wave,4,Leer,9,Howl,12,Quick Attack,17,Spark,20,Odor Sleuth,25,Bite,28,Thunder Fang,33,Roar,36,Discharge,41,Charge,44,Thunder,49,,,,,,,,,,,,,,
310,MANECTRIC,Fire Fang,1,Tackle,1,Thunder Wave,1,Leer,1,Howl,1,Thunder Wave,4,Leer,9,Howl,12,Quick Attack,17,Spark,20,Odor Sleuth,25,Bite,30,Thunder Fang,37,Roar,42,Discharge,49,Charge,54,Thunder,61,,,,,,
311,PLUSLE,Growl,1,Thunder Wave,3,Quick Attack,7,Helping Hand,10,Spark,15,Encore,17,Fake Tears,21,Copycat,24,Swift,29,Fake Tears,31,Charge,35,Thunder,38,Baton Pass,42,Agility,44,Last Resort,48,Nasty Plot,51,,,,,,,,
312,MINUN,Growl,1,Thunder Wave,3,Quick Attack,7,Helping Hand,10,Spark,15,Encore,17,Charm,21,Copycat,24,Swift,29,Fake Tears,31,Charge,35,Thunder,38,Baton Pass,42,Agility,44,Trump Card,48,Nasty Plot,51,,,,,,,,
313,VOLBEAT,Flash,1,Tackle,1,Double Team,5,Confuse Ray,9,Moonlight,13,Quick Attack,17,Tail Glow,21,Signal Beam,25,Protect,29,Helping Hand,33,Zen Headbutt,37,Bug Buzz,41,Double-Edge,45,,,,,,,,,,,,,,
314,ILLUMISE,Tackle,1,Sweet Scent,5,Charm,9,Moonlight,13,Quick Attack,17,Wish,21,Encore,25,Flatter,29,Helping Hand,33,Zen Headbutt,37,Bug Buzz,41,Covet,45,,,,,,,,,,,,,,,,
315,ROSELIA,Absorb,1,Growth,4,Poison Sting,7,Stun Spore,10,Mega Drain,13,Leech Seed,16,Magical Leaf,19,GrassWhistle,22,Giga Drain,25,Toxic Spikes,28,Sweet Scent,31,Ingrain,34,Toxic,37,Petal Dance,40,Aromatherapy,43,Synthesis,46,,,,,,,,
316,GULPIN,Pound,1,Yawn,6,Poison Gas,9,Sludge,14,Amnesia,17,Encore,23,Toxic,28,Stockpile,34,Spit Up,34,Swallow,34,Sludge Bomb,39,Gastro Acid,44,Wring Out,49,Gunk Shot,54,,,,,,,,,,,,
317,SWALOT,Pound,1,Yawn,1,Poison Gas,1,Sludge,1,Yawn,6,Poison Gas,9,Sludge,14,Amnesia,17,Encore,23,Body Slam,26,Toxic,30,Stockpile,38,Spit Up,38,Swallow,38,Sludge Bomb,45,Gastro Acid,52,Wring Out,59,Gunk Shot,66,,,,
318,CARVANHA,Leer,1,Bite,1,Rage,6,Focus Energy,8,Scary Face,11,Ice Fang,16,Screech,18,Swagger,21,Assurance,26,Crunch,28,Aqua Jet,31,Agility,36,Take Down,38,,,,,,,,,,,,,,
319,SHARPEDO,Feint,1,Leer,1,Bite,1,Rage,1,Focus Energy,1,Rage,6,Focus Energy,8,Scary Face,11,Ice Fang,16,Screech,18,Swagger,21,Assurance,26,Crunch,28,Slash,30,Aqua Jet,34,Taunt,40,Agility,45,Skull Bash,50,Night Slash,56,,
320,WAILMER,Splash,1,Growl,4,Water Gun,7,Rollout,11,Whirlpool,14,Astonish,17,Water Pulse,21,Mist,24,Rest,27,Brine,31,Water Spout,34,Amnesia,37,Dive,41,Bounce,44,Hydro Pump,47,,,,,,,,,,
321,WAILORD,Splash,1,Growl,1,Water Gun,1,Rollout,1,Growl,4,Water Gun,7,Rollout,11,Whirlpool,14,Astonish,17,Water Pulse,21,Mist,24,Rest,27,Brine,31,Water Spout,34,Amnesia,37,Dive,46,Bounce,54,Hydro Pump,62,,,,
322,NUMEL,Growl,1,Tackle,1,Ember,5,Magnitude,11,Focus Energy,15,Take Down,21,Amnesia,25,Lava Plume,31,Earth Power,35,Earthquake,41,Flamethrower,45,Double-Edge,51,,,,,,,,,,,,,,,,
323,CAMERUPT,Growl,1,Tackle,1,Ember,1,Magnitude,1,Ember,5,Magnitude,11,Focus Energy,15,Take Down,21,Amnesia,25,Lava Plume,31,Rock Slide,33,Earth Power,39,Earthquake,49,Eruption,57,Fissure,67,,,,,,,,,,
324,TORKOAL,Ember,1,Smog,4,Withdraw,7,Curse,12,Fire Spin,17,SmokeScreen,20,Rapid Spin,23,Flamethrower,28,Body Slam,33,Protect,36,Lava Plume,39,Iron Defense,44,Amnesia,49,Flail,52,Heat Wave,55,,,,,,,,,,
325,SPOINK,Splash,1,Psywave,7,Odor Sleuth,10,Psybeam,14,Psych Up,15,Confuse Ray,18,Magic Coat,21,Zen Headbutt,26,Rest,29,Snore,29,Payback,34,Psychic,41,Power Gem,46,Bounce,48,,,,,,,,,,,,
326,GRUMPIG,Splash,1,Psywave,1,Odor Sleuth,1,Psybeam,1,Psywave,7,Odor Sleuth,10,Psybeam,14,Psych Up,15,Confuse Ray,18,Magic Coat,21,Zen Headbutt,26,Rest,29,Snore,29,Payback,37,Psychic,47,Power Gem,55,Bounce,60,,,,,,
327,SPINDA,Tackle,1,Uproar,5,Copycat,10,Faint Attack,14,Psybeam,19,Hypnosis,23,Dizzy Punch,28,Sucker Punch,32,Teeter Dance,37,Psych Up,41,Double-Edge,46,Flail,50,Thrash,55,,,,,,,,,,,,,,
328,TRAPINCH,Bite,1,Sand-Attack,9,Faint Attack,17,Sand Tomb,25,Crunch,33,Dig,41,Sandstorm,49,Hyper Beam,57,Earth Power,65,Earthquake,73,Feint,81,Fissure,89,,,,,,,,,,,,,,,,
329,VIBRAVA,SonicBoom,1,Sand-Attack,1,Faint Attack,1,Sand Tomb,1,Sand-Attack,9,Faint Attack,17,Sand Tomb,25,Supersonic,33,DragonBreath,35,Screech,41,Sandstorm,49,Hyper Beam,57,,,,,,,,,,,,,,,,
330,FLYGON,SonicBoom,1,Sand-Attack,1,Faint Attack,1,Sand Tomb,1,Sand-Attack,9,Faint Attack,17,Sand Tomb,25,Supersonic,33,DragonBreath,35,Screech,41,Dragon Claw,45,Sandstorm,49,Hyper Beam,57,,,,,,,,,,,,,,
331,CACNEA,Poison Sting,1,Leer,1,Absorb,5,Growth,9,Leech Seed,13,Sand-Attack,17,Pin Missile,21,Ingrain,25,Faint Attack,29,Spikes,33,Sucker Punch,37,Payback,41,Needle Arm,45,Cotton Spore,49,Sandstorm,53,Destiny Bond,57,,,,,,,,
332,CACTURNE,Revenge,1,Poison Sting,1,Leer,1,Absorb,1,Growth,1,Absorb,5,Growth,9,Leech Seed,13,Sand-Attack,17,Pin Missile,21,Ingrain,25,Faint Attack,29,Spikes,35,Sucker Punch,41,Payback,47,Needle Arm,53,Cotton Spore,59,Sandstorm,65,Destiny Bond,71,,
333,SWABLU,Peck,1,Growl,1,Astonish,5,Sing,9,Fury Attack,13,Safeguard,18,Mist,23,Take Down,28,Natural Gift,32,Mirror Move,36,Refresh,40,Dragon Pulse,45,Perish Song,50,,,,,,,,,,,,,,
334,ALTARIA,Pluck,1,Peck,1,Growl,1,Astonish,1,Sing,1,Astonish,5,Sing,9,Fury Attack,13,Safeguard,18,Mist,23,Take Down,28,Natural Gift,32,DragonBreath,35,Dragon Dance,39,Refresh,46,Dragon Pulse,54,Perish Song,62,Sky Attack,70,,,,
335,ZANGOOSE,Scratch,1,Leer,1,Quick Attack,5,Swords Dance,9,Fury Cutter,14,Slash,18,Pursuit,22,Embargo,27,Crush Claw,31,Taunt,35,Detect,40,False Swipe,44,X-Scissor,48,Close Combat,53,,,,,,,,,,,,
336,SEVIPER,Wrap,1,Lick,7,Bite,10,Poison Tail,16,Screech,19,Glare,25,Crunch,28,Poison Fang,34,Swagger,37,Haze,43,Night Slash,46,Poison Jab,52,Wring Out,55,,,,,,,,,,,,,,
337,LUNATONE,Tackle,1,Harden,1,Confusion,1,Rock Throw,9,Hypnosis,12,Rock Polish,20,Psywave,23,Embargo,31,Cosmic Power,34,Heal Block,42,Psychic,45,Future Sight,53,Explosion,56,,,,,,,,,,,,,,
338,SOLROCK,Tackle,1,Harden,1,Confusion,1,Rock Throw,9,Fire Spin,12,Rock Polish,20,Psywave,23,Embargo,31,Cosmic Power,34,Heal Block,42,Rock Slide,45,SolarBeam,53,Explosion,56,,,,,,,,,,,,,,
339,BARBOACH,Mud-Slap,1,Mud Sport,6,Water Sport,6,Water Gun,10,Mud Bomb,14,Amnesia,18,Water Pulse,22,Magnitude,26,Rest,31,Snore,31,Aqua Tail,35,Earthquake,39,Future Sight,43,Fissure,47,,,,,,,,,,,,
340,WHISCASH,Zen Headbutt,1,Tickle,1,Mud-Slap,1,Mud Sport,1,Water Sport,1,Mud Sport,6,Water Sport,6,Water Gun,10,Mud Bomb,14,Amnesia,18,Water Pulse,22,Magnitude,26,Rest,33,Snore,33,Aqua Tail,39,Earthquake,45,Future Sight,51,Fissure,57,,,,
341,CORPHISH,Bubble,1,Harden,7,ViceGrip,10,Leer,13,BubbleBeam,20,Protect,23,Knock Off,26,Taunt,32,Night Slash,35,Crabhammer,38,Swords Dance,44,Crunch,47,Guillotine,53,,,,,,,,,,,,,,
342,CRAWDAUNT,Bubble,1,Harden,1,ViceGrip,1,Leer,1,Harden,7,ViceGrip,10,Leer,13,BubbleBeam,20,Protect,23,Knock Off,26,Swift,30,Taunt,34,Night Slash,39,Crabhammer,44,Swords Dance,52,Crunch,57,Guillotine,65,,,,,,
343,BALTOY,Confusion,1,Harden,3,Rapid Spin,5,Mud-Slap,7,Psybeam,11,Rock Tomb,15,Selfdestruct,19,AncientPower,25,Power Trick,31,Sandstorm,37,Cosmic Power,45,Earth Power,53,Heal Block,61,Explosion,71,,,,,,,,,,,,
344,CLAYDOL,Teleport,1,Confusion,1,Harden,1,Rapid Spin,1,Harden,3,Rapid Spin,5,Mud-Slap,7,Psybeam,11,Rock Tomb,15,Selfdestruct,19,AncientPower,25,Power Trick,31,Hyper Beam,36,Sandstorm,40,Cosmic Power,51,Earth Power,62,Heal Block,73,Explosion,86,,,,
345,LILEEP,Astonish,1,Constrict,1,Acid,8,Ingrain,15,Confuse Ray,22,Amnesia,29,Gastro Acid,36,AncientPower,43,Energy Ball,50,Stockpile,57,Spit Up,57,Swallow,57,Wring Out,64,,,,,,,,,,,,,,
346,CRADILY,Astonish,1,Constrict,1,Acid,1,Ingrain,1,Acid,8,Ingrain,15,Confuse Ray,22,Amnesia,29,AncientPower,36,Gastro Acid,46,Energy Ball,56,Stockpile,66,Spit Up,66,Swallow,66,Wring Out,76,,,,,,,,,,
347,ANORITH,Scratch,1,Harden,1,Mud Sport,7,Water Gun,13,Metal Claw,19,Protect,25,AncientPower,31,Fury Cutter,37,Slash,43,Rock Blast,49,Crush Claw,55,X-Scissor,61,,,,,,,,,,,,,,,,
348,ARMALDO,Scratch,1,Harden,1,Mud Sport,1,Water Gun,1,Mud Sport,7,Water Gun,13,Metal Claw,19,Protect,25,AncientPower,31,Fury Cutter,37,Slash,46,Rock Blast,55,Crush Claw,67,X-Scissor,73,,,,,,,,,,,,
349,FEEBAS,Splash,1,Tackle,15,Flail,30,,,,,,,,,,,,,,,,,,,,,,,,,,,,,,,,,,
350,MILOTIC,Water Gun,1,Wrap,1,Water Sport,5,Refresh,9,Water Pulse,13,Twister,17,Recover,21,Captivate,25,Aqua Tail,29,Rain Dance,33,Hydro Pump,37,Attract,41,Safeguard,45,Aqua Ring,49,,,,,,,,,,,,
351,CASTFORM,Tackle,1,Water Gun,10,Ember,10,Powder Snow,10,Rain Dance,20,Sunny Day,20,Hail,20,Weather Ball,30,,,,,,,,,,,,,,,,,,,,,,,,
352,KECLEON,Thief,1,Tail Whip,1,Astonish,1,Lick,1,Scratch,1,Bind,4,Faint Attack,7,Fury Swipes,10,Feint,14,Psybeam,18,Shadow Sneak,22,Slash,27,Screech,32,Substitute,37,Sucker Punch,43,Shadow Claw,49,AncientPower,55,,,,,,
353,SHUPPET,Knock Off,1,Screech,5,Night Shade,8,Curse,13,Spite,16,Shadow Sneak,20,Will-O-Wisp,23,Faint Attack,28,Shadow Ball,31,Sucker Punch,35,Embargo,38,Snatch,43,Grudge,46,Trick,50,,,,,,,,,,,,
354,BANETTE,Knock Off,1,Screech,1,Night Shade,1,Curse,1,Screech,8,Night Shade,5,Curse,13,Spite,16,Shadow Sneak,20,Will-O-Wisp,23,Faint Attack,28,Shadow Ball,31,Sucker Punch,35,Embargo,42,Snatch,51,Grudge,58,Trick,66,,,,,,
355,DUSKULL,Leer,1,Night Shade,1,Disable,6,Foresight,9,Astonish,14,Confuse Ray,17,Shadow Sneak,22,Pursuit,25,Curse,30,Will-O-Wisp,33,Mean Look,38,Payback,41,Future Sight,46,,,,,,,,,,,,,,
356,DUSCLOPS,Fire Punch,1,Ice Punch,1,ThunderPunch,1,Gravity,1,Bind,1,Leer,1,Night Shade,1,Disable,1,Disable,6,Foresight,9,Astonish,14,Confuse Ray,17,Shadow Sneak,22,Pursuit,25,Curse,30,Will-O-Wisp,33,Shadow Punch,37,Mean Look,43,Payback,51,Future Sight,61
357,TROPIUS,Leer,1,Gust,1,Growth,7,Razor Leaf,11,Stomp,17,Sweet Scent,21,Whirlwind,27,Magical Leaf,31,Body Slam,37,Synthesis,41,Air Slash,47,SolarBeam,51,Natural Gift,57,Leaf Storm,61,,,,,,,,,,,,
358,CHIMECHO,Wrap,1,Growl,6,Astonish,9,Confusion,14,Uproar,17,Take Down,22,Yawn,25,Psywave,30,Double-Edge,33,Heal Bell,38,Safeguard,41,Extrasensory,46,Healing Wish,49,,,,,,,,,,,,,,
359,ABSOL,Scratch,1,Feint,1,Leer,4,Taunt,9,Quick Attack,12,Razor Wind,17,Pursuit,20,Swords Dance,25,Bite,28,Double Team,33,Slash,36,Future Sight,41,Sucker Punch,44,Detect,49,Night Slash,52,Me First,57,Psycho Cut,60,Perish Song,65,,,,
360,WYNAUT,Splash,1,Charm,1,Encore,1,Counter,15,Mirror Coat,15,Safeguard,15,Destiny Bond,15,,,,,,,,,,,,,,,,,,,,,,,,,,
361,SNORUNT,Powder Snow,1,Leer,1,Double Team,4,Bite,10,Icy Wind,13,Headbutt,19,Protect,22,Ice Fang,28,Crunch,31,Ice Shard,37,Hail,40,Blizzard,46,,,,,,,,,,,,,,,,
362,GLALIE,Powder Snow,1,Leer,1,Double Team,1,Bite,1,Double Team,4,Bite,10,Icy Wind,13,Headbutt,19,Protect,22,Ice Fang,28,Crunch,31,Ice Beam,37,Hail,40,Blizzard,51,Sheer Cold,59,,,,,,,,,,
363,SPHEAL,Defense Curl,1,Powder Snow,1,Growl,1,Water Gun,1,Encore,7,Ice Ball,13,Body Slam,19,Aurora Beam,25,Hail,31,Rest,37,Snore,37,Blizzard,43,Sheer Cold,49,,,,,,,,,,,,,,
364,SEALEO,Powder Snow,1,Growl,1,Water Gun,1,Encore,1,Encore,7,Ice Ball,13,Body Slam,19,Aurora Beam,25,Hail,31,Swagger,32,Rest,39,Snore,39,Blizzard,47,Sheer Cold,55,,,,,,,,,,,,
365,WALREIN,Crunch,1,Powder Snow,1,Growl,1,Water Gun,1,Encore,1,Encore,7,Ice Ball,13,Body Slam,19,Aurora Beam,25,Hail,31,Swagger,32,Rest,39,Snore,39,Ice Fang,44,Blizzard,52,Sheer Cold,65,,,,,,,,
366,CLAMPERL,Clamp,1,Water Gun,1,Whirlpool,1,Iron Defense,1,,,,,,,,,,,,,,,,,,,,,,,,,,,,,,,,
367,HUNTAIL,Whirlpool,1,Bite,6,Screech,10,Water Pulse,15,Scary Face,19,Ice Fang,24,Brine,28,Baton Pass,33,Dive,37,Crunch,42,Aqua Tail,46,Hydro Pump,51,,,,,,,,,,,,,,,,
368,GOREBYSS,Whirlpool,1,Confusion,6,Agility,10,Water Pulse,15,Amnesia,19,Aqua Ring,24,Captivate,28,Baton Pass,33,Dive,37,Psychic,42,Aqua Tail,46,Hydro Pump,51,,,,,,,,,,,,,,,,
369,RELICANTH,Tackle,1,Harden,1,Water Gun,8,Rock Tomb,15,Yawn,22,Take Down,29,Mud Sport,36,AncientPower,43,Double-Edge,50,Dive,57,Rest,64,Hydro Pump,71,Head Smash,78,,,,,,,,,,,,,,
370,LUVDISC,Tackle,1,Charm,4,Water Gun,7,Agility,9,Take Down,14,Lucky Chant,17,Attract,22,Sweet Kiss,27,Water Pulse,31,Aqua Ring,37,Captivate,40,Flail,46,Safeguard,51,,,,,,,,,,,,,,
371,BAGON,Rage,1,Bite,5,Leer,10,Headbutt,16,Focus Energy,20,Ember,25,DragonBreath,31,Zen Headbutt,35,Scary Face,40,Crunch,46,Dragon Claw,50,Double-Edge,55,,,,,,,,,,,,,,,,
372,SHELGON,Rage,1,Bite,1,Leer,1,Headbutt,1,Bite,5,Leer,10,Headbutt,16,Focus Energy,20,Ember,25,Protect,30,DragonBreath,32,Zen Headbutt,37,Scary Face,43,Crunch,50,Dragon Claw,55,Double-Edge,61,,,,,,,,
373,SALAMENCE,Fire Fang,1,Thunder Fang,1,Rage,1,Bite,1,Leer,1,Headbutt,1,Bite,5,Leer,10,Headbutt,16,Focus Energy,20,Ember,25,Protect,30,DragonBreath,32,Zen Headbutt,37,Scary Face,43,Fly,50,Crunch,53,Dragon Claw,61,Double-Edge,70,,
374,BELDUM,Take Down,1,,,,,,,,,,,,,,,,,,,,,,,,,,,,,,,,,,,,,,
375,METANG,Magnet Rise,1,Take Down,1,Metal Claw,1,Confusion,1,Metal Claw,20,Confusion,20,Scary Face,24,Pursuit,28,Bullet Punch,32,Psychic,36,Iron Defense,40,Agility,44,Meteor Mash,48,Zen Headbutt,52,Hyper Beam,56,,,,,,,,,,
376,METAGROSS,Magnet Rise,1,Take Down,1,Metal Claw,1,Confusion,1,Metal Claw,20,Confusion,20,Scary Face,24,Pursuit,28,Bullet Punch,32,Psychic,36,Iron Defense,40,Agility,44,Hammer Arm,45,Meteor Mash,53,Zen Headbutt,62,Hyper Beam,71,,,,,,,,
377,REGIROCK,Explosion,1,Stomp,1,Rock Throw,9,Curse,17,Superpower,25,AncientPower,33,Iron Defense,41,Charge Beam,49,Lock-On,57,Zap Cannon,65,Stone Edge,73,Hammer Arm,81,Hyper Beam,89,,,,,,,,,,,,,,
378,REGICE,Explosion,1,Stomp,1,Icy Wind,9,Curse,17,Superpower,25,AncientPower,33,Amnesia,41,Charge Beam,49,Lock-On,57,Zap Cannon,65,Ice Beam,73,Hammer Arm,81,Hyper Beam,89,,,,,,,,,,,,,,
379,REGISTEEL,Explosion,1,Stomp,1,Metal Claw,9,Curse,17,Superpower,25,AncientPower,33,Iron Defense,41,Amnesia,41,Charge Beam,49,Lock-On,57,Zap Cannon,65,Iron Head,73,Flash Cannon,73,Hammer Arm,81,Hyper Beam,89,,,,,,,,,,
380,LATIAS,Psywave,1,Wish,5,Helping Hand,10,Safeguard,15,DragonBreath,20,Water Sport,25,Refresh,30,Mist Ball,35,Zen Headbutt,40,Recover,45,Psycho Shift,50,Charm,55,Healing Wish,60,Psychic,65,Dragon Pulse,70,,,,,,,,,,
381,LATIOS,Psywave,1,Heal Block,5,Helping Hand,10,Safeguard,15,DragonBreath,20,Protect,25,Refresh,30,Luster Purge,35,Zen Headbutt,40,Recover,45,Psycho Shift,50,Dragon Dance,55,Memento,60,Psychic,65,Dragon Pulse,70,,,,,,,,,,
382,KYOGRE,Water Pulse,1,Scary Face,5,AncientPower,15,Body Slam,20,Calm Mind,30,Ice Beam,35,Hydro Pump,45,Rest,50,Sheer Cold,60,Double-Edge,65,Aqua Tail,75,Water Spout,80,,,,,,,,,,,,,,,,
383,GROUDON,Mud Shot,1,Scary Face,5,AncientPower,15,Slash,20,Bulk Up,30,Earthquake,35,Fire Blast,45,Rest,50,Fissure,60,SolarBeam,65,Earth Power,75,Eruption,80,,,,,,,,,,,,,,,,
384,RAYQUAZA,Twister,1,Scary Face,5,AncientPower,15,Dragon Claw,20,Dragon Dance,30,Crunch,35,Fly,45,Rest,50,ExtremeSpeed,60,Hyper Beam,65,Dragon Pulse,75,Outrage,80,,,,,,,,,,,,,,,,
385,JIRACHI,Wish,1,Confusion,1,Rest,5,Swift,10,Helping Hand,15,Psychic,20,Refresh,25,Rest,30,Zen Headbutt,35,Double-Edge,40,Gravity,45,Healing Wish,50,Future Sight,55,Cosmic Power,60,Last Resort,65,Doom Desire,70,,,,,,,,
386,DEOXYS,Leer,1,Wrap,1,Night Shade,9,Teleport,17,Knock Off,25,Pursuit,33,Psychic,41,Snatch,49,Psycho Shift,57,Zen Headbutt,65,Cosmic Power,73,Recover,81,Psycho Boost,89,Hyper Beam,97,,,,,,,,,,,,
387,TURTWIG,Tackle,1,Withdraw,5,Absorb,9,Razor Leaf,13,Curse,17,Bite,21,Mega Drain,25,Leech Seed,29,Synthesis,33,Crunch,37,Giga Drain,41,Leaf Storm,45,,,,,,,,,,,,,,,,
388,GROTLE,Tackle,1,Withdraw,1,Withdraw,5,Absorb,9,Razor Leaf,13,Curse,17,Bite,22,Mega Drain,27,Leech Seed,32,Synthesis,37,Crunch,42,Giga Drain,47,Leaf Storm,52,,,,,,,,,,,,,,
389,TORTERRA,Wood Hammer,1,Tackle,1,Withdraw,1,Absorb,1,Razor Leaf,1,Withdraw,5,Absorb,9,Razor Leaf,13,Curse,17,Bite,22,Mega Drain,27,Earthquake,32,Leech Seed,33,Synthesis,39,Crunch,45,Giga Drain,51,Leaf Storm,57,,,,,,
390,CHIMCHAR,Scratch,1,Leer,1,Ember,7,Taunt,9,Fury Swipes,15,Flame Wheel,17,Nasty Plot,23,Torment,25,Facade,31,Fire Spin,33,Slack Off,39,Flamethrower,41,,,,,,,,,,,,,,,,
391,MONFERNO,Scratch,1,Leer,1,Ember,1,Ember,7,Taunt,9,Mach Punch,14,Fury Swipes,16,Flame Wheel,19,Feint,26,Torment,29,Close Combat,36,Fire Spin,39,Slack Off,46,Flare Blitz,49,,,,,,,,,,,,
392,INFERNAPE,Scratch,1,Leer,1,Ember,1,Taunt,1,Ember,7,Taunt,9,Mach Punch,14,Fury Swipes,17,Flame Wheel,21,Feint,29,Punishment,33,Close Combat,41,Fire Spin,45,Calm Mind,53,Flare Blitz,57,,,,,,,,,,
393,PIPLUP,Pound,1,Growl,4,Bubble,8,Water Sport,11,Peck,15,BubbleBeam,18,Bide,22,Fury Attack,25,Brine,29,Whirlpool,32,Mist,36,Drill Peck,39,Hydro Pump,43,,,,,,,,,,,,,,
394,PRINPLUP,Tackle,1,Growl,1,Growl,4,Bubble,8,Water Sport,11,Peck,15,Metal Claw,16,BubbleBeam,19,Bide,24,Fury Attack,28,Brine,33,Whirlpool,37,Mist,42,Drill Peck,46,Hydro Pump,51,,,,,,,,,,
395,EMPOLEON,Tackle,1,Growl,1,Bubble,1,Growl,4,Bubble,8,Swords Dance,11,Peck,15,Metal Claw,16,BubbleBeam,19,Swagger,24,Fury Attack,28,Brine,33,Aqua Jet,36,Whirlpool,39,Mist,46,Drill Peck,52,Hydro Pump,59,,,,,,
396,STARLY,Tackle,1,Growl,1,Quick Attack,5,Wing Attack,9,Double Team,13,Endeavor,17,Whirlwind,21,Aerial Ace,25,Take Down,29,Agility,33,Brave Bird,37,,,,,,,,,,,,,,,,,,
397,STARAVIA,Tackle,1,Growl,1,Quick Attack,1,Quick Attack,5,Wing Attack,9,Double Team,13,Endeavor,18,Whirlwind,23,Aerial Ace,28,Take Down,33,Agility,38,Brave Bird,43,,,,,,,,,,,,,,,,
398,STARAPTOR,Tackle,1,Growl,1,Quick Attack,1,Wing Attack,1,Quick Attack,5,Wing Attack,9,Double Team,13,Endeavor,18,Whirlwind,23,Aerial Ace,28,Take Down,33,Close Combat,34,Agility,41,Brave Bird,49,,,,,,,,,,,,
399,BIDOOF,Tackle,1,Growl,5,Defense Curl,9,Rollout,13,Headbutt,17,Hyper Fang,21,Yawn,25,Amnesia,29,Take Down,33,Super Fang,37,Superpower,41,Curse,45,,,,,,,,,,,,,,,,
400,BIBAREL,Tackle,1,Growl,1,Growl,5,Defense Curl,9,Rollout,13,Water Gun,15,Headbutt,18,Hyper Fang,23,Yawn,28,Amnesia,33,Take Down,38,Super Fang,43,Superpower,48,Curse,53,,,,,,,,,,,,
401,KRICKETOT,Growl,1,Bide,1,Bug Bite,16,,,,,,,,,,,,,,,,,,,,,,,,,,,,,,,,,,
402,KRICKETUNE,Growl,1,Bide,1,Fury Cutter,10,Leech Life,14,Sing,18,Focus Energy,22,Slash,26,X-Scissor,30,Screech,34,Taunt,38,Night Slash,42,Bug Buzz,46,Perish Song,50,,,,,,,,,,,,,,
403,SHINX,Tackle,1,Leer,5,Charge,9,Spark,13,Bite,17,Roar,21,Swagger,25,Thunder Fang,29,Crunch,33,Scary Face,37,Discharge,41,,,,,,,,,,,,,,,,,,
404,LUXIO,Tackle,1,Leer,1,Leer,5,Charge,9,Spark,13,Bite,18,Roar,23,Swagger,28,Thunder Fang,33,Crunch,38,Scary Face,43,Discharge,48,,,,,,,,,,,,,,,,
405,LUXRAY,Tackle,1,Leer,1,Charge,1,Leer,5,Charge,9,Spark,13,Bite,18,Roar,23,Swagger,28,Thunder Fang,35,Crunch,42,Scary Face,49,Discharge,56,,,,,,,,,,,,,,
406,BUDEW,Absorb,1,Growth,4,Water Sport,7,Stun Spore,10,Mega Drain,13,Worry Seed,16,,,,,,,,,,,,,,,,,,,,,,,,,,,,
407,ROSERADE,Weather Ball,1,Poison Sting,1,Mega Drain,1,Magical Leaf,1,Sweet Scent,1,,,,,,,,,,,,,,,,,,,,,,,,,,,,,,
408,CRANIDOS,Headbutt,1,Leer,1,Focus Energy,6,Pursuit,10,Take Down,15,Scary Face,19,Assurance,24,AncientPower,28,Zen Headbutt,33,Screech,37,Head Smash,43,,,,,,,,,,,,,,,,,,
409,RAMPARDOS,Headbutt,1,Leer,1,Focus Energy,6,Pursuit,10,Take Down,15,Scary Face,19,Assurance,24,AncientPower,28,Endeavor,30,Zen Headbutt,36,Screech,43,Head Smash,52,,,,,,,,,,,,,,,,
410,SHIELDON,Tackle,1,Protect,1,Taunt,6,Metal Sound,10,Take Down,15,Iron Defense,19,Swagger,24,AncientPower,28,Endure,33,Metal Burst,37,Iron Head,43,,,,,,,,,,,,,,,,,,
411,BASTIODON,Tackle,1,Protect,1,Taunt,1,Metal Sound,1,Taunt,6,Metal Sound,10,Take Down,15,Iron Defense,19,Swagger,24,AncientPower,28,Block,30,Endure,36,Metal Burst,43,Iron Head,52,,,,,,,,,,,,
412,BURMY,Protect,1,Tackle,10,Bug Bite,15,Hidden Power,20,,,,,,,,,,,,,,,,,,,,,,,,,,,,,,,,
413,WORMADAM,Tackle,1,Protect,10,Bug Bite,15,Hidden Power,20,Confusion,23,Razor Leaf,26,Growth,29,Psybeam,32,Captivate,35,Flail,38,Attract,41,Psychic,44,Leaf Storm,47,,,,,,,,,,,,,,
414,MOTHIM,Tackle,1,Protect,10,Bug Bite,15,Hidden Power,20,Confusion,23,Gust,26,PoisonPowder,29,Psybeam,32,Camouflage,35,Silver Wind,38,Air Slash,41,Psychic,44,Bug Buzz,47,,,,,,,,,,,,,,
415,COMBEE,Sweet Scent,1,Gust,1,Bug Bite,13,,,,,,,,,,,,,,,,,,,,,,,,,,,,,,,,,,
416,VESPIQUEN,Sweet Scent,1,Gust,1,Poison Sting,3,Confuse Ray,7,Fury Cutter,9,Defend Order,13,Pursuit,15,Fury Swipes,19,Power Gem,21,Heal Order,25,Toxic,27,Slash,31,Captivate,33,Attack Order,37,Swagger,39,Destiny Bond,43,,,,,,,,
417,PACHIRISU,Growl,1,Bide,1,Quick Attack,5,Charm,9,Spark,13,Endure,17,Swift,21,Sweet Kiss,25,Discharge,29,Super Fang,33,Last Resort,37,,,,,,,,,,,,,,,,,,
418,BUIZEL,SonicBoom,1,Growl,1,Water Sport,1,Quick Attack,3,Water Gun,6,Pursuit,10,Swift,15,Aqua Jet,21,Agility,28,Whirlpool,36,Razor Wind,45,,,,,,,,,,,,,,,,,,
419,FLOATZEL,Ice Fang,1,SonicBoom,1,Growl,1,Water Sport,1,Quick Attack,1,Quick Attack,3,Water Gun,6,Pursuit,10,Swift,15,Aqua Jet,21,Crunch,26,Agility,29,Whirlpool,39,Razor Wind,50,,,,,,,,,,,,
420,CHERUBI,Tackle,1,Growth,7,Leech Seed,10,Helping Hand,13,Magical Leaf,19,Sunny Day,22,Worry Seed,28,Take Down,31,SolarBeam,37,Lucky Chant,40,,,,,,,,,,,,,,,,,,,,
421,CHERRIM,Tackle,1,Growth,1,Growth,7,Leech Seed,10,Helping Hand,13,Magical Leaf,19,Sunny Day,22,Petal Dance,25,Worry Seed,30,Take Down,35,SolarBeam,43,Lucky Chant,48,,,,,,,,,,,,,,,,
422,SHELLOS,Mud-Slap,1,Mud Sport,2,Harden,4,Water Pulse,7,Mud Bomb,11,Hidden Power,16,Rain Dance,22,Body Slam,29,Muddy Water,37,Recover,46,,,,,,,,,,,,,,,,,,,,
423,GASTRODON,Mud-Slap,1,Mud Sport,1,Harden,1,Water Pulse,1,Mud Sport,2,Harden,4,Water Pulse,7,Mud Bomb,11,Hidden Power,16,Rain Dance,22,Body Slam,29,Muddy Water,41,Recover,54,,,,,,,,,,,,,,
424,AMBIPOM,Scratch,1,Tail Whip,1,Sand-Attack,1,Astonish,1,Sand-Attack,4,Astonish,8,Baton Pass,11,Tickle,15,Fury Swipes,18,Swift,22,Screech,25,Agility,29,Double Hit,32,Fling,36,Nasty Plot,39,Last Resort,43,,,,,,,,
425,DRIFLOON,Constrict,1,Minimize,1,Astonish,6,Gust,11,Focus Energy,14,Payback,17,Stockpile,22,Swallow,27,Spit Up,27,Ominous Wind,30,Baton Pass,33,Shadow Ball,38,Explosion,43,,,,,,,,,,,,,,
426,DRIFBLIM,Constrict,1,Minimize,1,Astonish,1,Gust,1,Astonish,6,Gust,11,Focus Energy,14,Payback,17,Stockpile,22,Swallow,27,Spit Up,27,Ominous Wind,32,Baton Pass,37,Shadow Ball,44,Explosion,51,,,,,,,,,,
427,BUNEARY,Splash,1,Pound,1,Defense Curl,1,Foresight,1,Endure,6,Frustration,13,Quick Attack,16,Jump Kick,23,Baton Pass,26,Agility,33,Dizzy Punch,36,Charm,43,Bounce,46,Healing Wish,53,,,,,,,,,,,,
428,LOPUNNY,Mirror Coat,1,Magic Coat,1,Splash,1,Pound,1,Defense Curl,1,Foresight,1,Endure,6,Return,13,Quick Attack,16,Jump Kick,23,Baton Pass,26,Agility,33,Dizzy Punch,36,Charm,43,Bounce,46,Healing Wish,53,,,,,,,,
429,MISMAGIUS,Lucky Chant,1,Magical Leaf,1,Growl,1,Psywave,1,Spite,1,Astonish,1,,,,,,,,,,,,,,,,,,,,,,,,,,,,
430,HONCHKROW,Astonish,1,Pursuit,1,Haze,1,Wing Attack,1,Swagger,25,Nasty Plot,35,Night Slash,45,Dark Pulse,55,,,,,,,,,,,,,,,,,,,,,,,,
431,GLAMEOW,Fake Out,1,Scratch,5,Growl,8,Hypnosis,13,Faint Attack,17,Fury Swipes,20,Charm,25,Assist,29,Captivate,32,Slash,37,Sucker Punch,41,Attract,45,,,,,,,,,,,,,,,,
432,PURUGLY,Fake Out,1,Scratch,1,Growl,1,Scratch,5,Growl,8,Hypnosis,13,Faint Attack,17,Fury Swipes,20,Charm,25,Assist,29,Captivate,32,Slash,37,Swagger,38,Body Slam,45,Attract,53,,,,,,,,,,
433,CHINGLING,Wrap,1,Growl,6,Astonish,9,Confusion,14,Uproar,17,Last Resort,22,,,,,,,,,,,,,,,,,,,,,,,,,,,,
434,STUNKY,Scratch,1,Focus Energy,1,Poison Gas,4,Screech,7,Fury Swipes,10,SmokeScreen,14,Feint,18,Slash,22,Toxic,27,Night Slash,32,Memento,38,Explosion,44,,,,,,,,,,,,,,,,
435,SKUNTANK,Scratch,1,Focus Energy,1,Poison Gas,1,Poison Gas,4,Screech,7,Fury Swipes,10,SmokeScreen,14,Feint,18,Slash,22,Toxic,27,Night Slash,32,Flamethrower,34,Memento,42,Explosion,52,,,,,,,,,,,,
436,BRONZOR,Tackle,1,Confusion,1,Hypnosis,7,Imprison,12,Confuse Ray,14,Extrasensory,19,Iron Defense,26,Safeguard,30,Gyro Ball,35,Future Sight,37,Faint Attack,41,Payback,49,Heal Block,52,,,,,,,,,,,,,,
437,BRONZONG,Sunny Day,1,Rain Dance,1,Tackle,1,Confusion,1,Hypnosis,1,Imprison,1,Hypnosis,7,Imprison,12,Confuse Ray,14,Extrasensory,19,Iron Defense,26,Safeguard,30,Block,33,Gyro Ball,38,Future Sight,43,Faint Attack,50,Payback,61,Heal Block,67,,,,
438,BONSLY,Fake Tears,1,Copycat,1,Flail,6,Low Kick,9,Rock Throw,14,Mimic,17,Block,22,Faint Attack,25,Rock Tomb,30,Rock Slide,33,Slam,38,Sucker Punch,41,Double-Edge,46,,,,,,,,,,,,,,
439,MIME JR.,Tickle,1,Barrier,1,Confusion,1,Copycat,4,Meditate,8,Encore,11,DoubleSlap,15,Mimic,18,Light Screen,22,Reflect,22,Psybeam,25,Substitute,29,Recycle,32,Trick,36,Psychic,39,Role Play,43,Baton Pass,46,Safeguard,50,,,,
440,HAPPINY,Pound,1,Charm,1,Copycat,5,Refresh,9,Sweet Kiss,12,,,,,,,,,,,,,,,,,,,,,,,,,,,,,,
441,CHATOT,Peck,1,Growl,5,Mirror Move,9,Sing,13,Fury Attack,17,Chatter,21,Taunt,25,Mimic,29,Roost,33,Uproar,37,FeatherDance,41,Hyper Voice,45,,,,,,,,,,,,,,,,
442,SPIRITOMB,Curse,1,Pursuit,1,Confuse Ray,1,Spite,1,Shadow Sneak,1,Faint Attack,7,Hypnosis,13,Dream Eater,19,Ominous Wind,25,Sucker Punch,31,Nasty Plot,37,Memento,43,Dark Pulse,49,,,,,,,,,,,,,,
443,GIBLE,Tackle,1,Sand-Attack,3,Dragon Rage,7,Sandstorm,13,Take Down,15,Sand Tomb,19,Slash,25,Dragon Claw,27,Dig,31,Dragon Rush,37,,,,,,,,,,,,,,,,,,,,
444,GABITE,Tackle,1,Sand-Attack,1,Sand-Attack,3,Dragon Rage,7,Sandstorm,13,Take Down,15,Sand Tomb,19,Slash,28,Dragon Claw,33,Dig,40,Dragon Rush,49,,,,,,,,,,,,,,,,,,
445,GARCHOMP,Fire Fang,1,Tackle,1,Sand-Attack,1,Dragon Rage,1,Sandstorm,1,Sand-Attack,3,Dragon Rage,7,Sandstorm,13,Take Down,15,Sand Tomb,19,Slash,28,Dragon Claw,33,Dig,40,Crunch,48,Dragon Rush,55,,,,,,,,,,
446,MUNCHLAX,Metronome,1,Odor Sleuth,1,Tackle,1,Defense Curl,4,Amnesia,9,Lick,12,Recycle,17,Screech,20,Stockpile,25,Swallow,28,Body Slam,33,Fling,36,Rollout,41,Natural Gift,44,Last Resort,49,,,,,,,,,,
447,RIOLU,Quick Attack,1,Foresight,1,Endure,1,Counter,6,Force Palm,11,Feint,15,Reversal,19,Screech,24,Copycat,29,,,,,,,,,,,,,,,,,,,,,,
448,LUCARIO,Dark Pulse,1,Quick Attack,1,Foresight,1,Detect,1,Metal Claw,1,Counter,6,Force Palm,11,Feint,15,Bone Rush,19,Metal Sound,24,Me First,29,Swords Dance,33,Aura Sphere,37,Close Combat,42,Dragon Pulse,47,ExtremeSpeed,51,,,,,,,,
449,HIPPOPOTAS,Tackle,1,Sand-Attack,1,Bite,7,Yawn,13,Take Down,19,Sand Tomb,25,Crunch,31,Earthquake,37,Double-Edge,44,Fissure,50,,,,,,,,,,,,,,,,,,,,
450,HIPPOWDON,Ice Fang,1,Fire Fang,1,Thunder Fang,1,Tackle,1,Sand-Attack,1,Bite,1,Yawn,1,Bite,7,Yawn,13,Take Down,19,Sand Tomb,25,Crunch,31,Earthquake,40,Double-Edge,50,Fissure,60,,,,,,,,,,
451,SKORUPI,Bite,1,Poison Sting,1,Leer,1,Knock Off,6,Pin Missile,12,Acupressure,17,Scary Face,23,Toxic Spikes,28,Bug Bite,34,Poison Fang,39,Crunch,45,Cross Poison,50,,,,,,,,,,,,,,,,
452,DRAPION,Thunder Fang,1,Ice Fang,1,Fire Fang,1,Bite,1,Poison Sting,1,Leer,1,Knock Off,1,Knock Off,6,Pin Missile,12,Acupressure,17,Scary Face,23,Toxic Spikes,28,Bug Bite,34,Poison Fang,39,Crunch,49,Cross Poison,58,,,,,,,,
453,CROAGUNK,Astonish,1,Mud-Slap,3,Poison Sting,8,Taunt,10,Pursuit,15,Faint Attack,17,Revenge,22,Swagger,24,Mud Bomb,29,Sucker Punch,31,Nasty Plot,36,Poison Jab,38,Sludge Bomb,43,Flatter,45,,,,,,,,,,,,
454,TOXICROAK,Astonish,1,Mud-Slap,1,Poison Sting,1,Mud-Slap,3,Poison Sting,8,Taunt,10,Pursuit,15,Faint Attack,17,Revenge,22,Swagger,24,Mud Bomb,29,Sucker Punch,31,Nasty Plot,36,Poison Jab,41,Sludge Bomb,49,Flatter,54,,,,,,,,
455,CARNIVINE,Bind,1,Growth,1,Bite,7,Vine Whip,11,Sweet Scent,17,Ingrain,21,Faint Attack,27,Stockpile,31,Spit Up,31,Swallow,31,Crunch,37,Wring Out,41,Power Whip,47,,,,,,,,,,,,,,
456,FINNEON,Pound,1,Water Gun,6,Attract,10,Rain Dance,13,Gust,17,Water Pulse,22,Captivate,26,Safeguard,29,Aqua Ring,33,Whirlpool,38,U-turn,42,Bounce,45,Silver Wind,49,,,,,,,,,,,,,,
457,LUMINEON,Pound,1,Water Gun,1,Attract,1,Water Gun,6,Attract,10,Rain Dance,13,Gust,17,Water Pulse,22,Captivate,26,Safeguard,29,Aqua Ring,35,Whirlpool,42,U-turn,48,Bounce,53,Silver Wind,59,,,,,,,,,,
458,MANTYKE,Tackle,1,Bubble,1,Supersonic,4,BubbleBeam,10,Headbutt,13,Agility,19,Wing Attack,22,Water Pulse,28,Take Down,31,Confuse Ray,37,Bounce,40,Aqua Ring,46,Hydro Pump,49,,,,,,,,,,,,,,
459,SNOVER,Powder Snow,1,Leer,1,Razor Leaf,5,Icy Wind,9,GrassWhistle,13,Swagger,17,Mist,21,Ice Shard,26,Ingrain,31,Wood Hammer,36,Blizzard,41,Sheer Cold,46,,,,,,,,,,,,,,,,
460,ABOMASNOW,Ice Punch,1,Powder Snow,1,Leer,1,Razor Leaf,1,Icy Wind,1,Razor Leaf,5,Icy Wind,9,GrassWhistle,13,Swagger,17,Mist,21,Ice Shard,26,Ingrain,31,Wood Hammer,36,Blizzard,47,Sheer Cold,58,,,,,,,,,,
461,WEAVILE,Embargo,1,Revenge,1,Assurance,1,Scratch,1,Leer,1,Taunt,1,Quick Attack,1,Quick Attack,8,Screech,10,Faint Attack,14,Fury Swipes,21,Nasty Plot,24,Icy Wind,28,Night Slash,35,Fling,38,Metal Claw,42,Dark Pulse,49,,,,,,
462,MAGNEZONE,Mirror Coat,1,Barrier,1,Metal Sound,1,Tackle,1,ThunderShock,1,Supersonic,1,ThunderShock,6,Supersonic,11,SonicBoom,14,Thunder Wave,17,Spark,22,Lock-On,27,Magnet Bomb,30,Screech,34,Discharge,40,Mirror Shot,46,Magnet Rise,50,Gyro Ball,54,Zap Cannon,60,,
463,LICKILICKY,Lick,1,Supersonic,5,Defense Curl,9,Knock Off,13,Wrap,17,Stomp,21,Disable,25,Slam,29,Rollout,33,Me First,37,Refresh,41,Screech,45,Power Whip,49,Wring Out,53,Gyro Ball,57,,,,,,,,,,
464,RHYPERIOR,Poison Jab,1,Horn Attack,1,Tail Whip,1,Stomp,1,Fury Attack,1,Stomp,9,Fury Attack,13,Scary Face,21,Rock Blast,25,Take Down,33,Horn Drill,37,Hammer Arm,42,Stone Edge,45,Earthquake,49,Megahorn,57,Rock Wrecker,61,,,,,,,,
465,TANGROWTH,Ingrain,1,Constrict,1,Sleep Powder,5,Absorb,8,Growth,12,PoisonPowder,15,Vine Whip,19,Bind,22,Mega Drain,26,Stun Spore,29,AncientPower,33,Knock Off,36,Natural Gift,40,Slam,43,Tickle,47,Wring Out,50,Power Whip,54,Block,57,,,,
466,ELECTIVIRE,Fire Punch,1,Quick Attack,1,Leer,1,ThunderShock,1,Low Kick,1,ThunderShock,7,Low Kick,10,Swift,16,Shock Wave,19,Light Screen,25,ThunderPunch,28,Discharge,37,Thunderbolt,43,Screech,52,Thunder,58,Giga Impact,67,,,,,,,,
467,MAGMORTAR,ThunderPunch,1,Smog,1,Leer,1,Ember,1,SmokeScreen,1,Ember,7,SmokeScreen,10,Faint Attack,16,Fire Spin,19,Confuse Ray,25,Fire Punch,28,Lava Plume,37,Flamethrower,43,Sunny Day,52,Fire Blast,58,Hyper Beam,67,,,,,,,,
468,TOGEKISS,Sky Attack,1,ExtremeSpeed,1,Aura Sphere,1,Air Slash,1,,,,,,,,,,,,,,,,,,,,,,,,,,,,,,,,
469,YANMEGA,Night Slash,1,Bug Bite,1,Tackle,1,Foresight,1,Quick Attack,1,Double Team,1,Quick Attack,6,Double Team,11,SonicBoom,14,Detect,17,Supersonic,22,Uproar,27,Pursuit,30,AncientPower,33,Feint,38,Slash,43,Screech,46,U-turn,49,Air Slash,54,Bug Buzz,57
470,LEAFEON,Tail Whip,1,Tackle,1,Helping Hand,1,Sand-Attack,8,Razor Leaf,15,Quick Attack,22,Synthesis,29,Magical Leaf,36,Giga Drain,43,Last Resort,50,GrassWhistle,57,Sunny Day,64,Leaf Blade,71,Swords Dance,78,,,,,,,,,,,,
471,GLACEON,Tail Whip,1,Tackle,1,Helping Hand,1,Sand-Attack,8,Icy Wind,15,Quick Attack,22,Bite,29,Ice Shard,36,Ice Fang,43,Last Resort,50,Mirror Coat,57,Hail,64,Blizzard,71,Barrier,78,,,,,,,,,,,,
472,GLISCOR,Thunder Fang,1,Ice Fang,1,Fire Fang,1,Poison Jab,1,Sand-Attack,1,Harden,1,Knock Off,1,Sand-Attack,5,Harden,9,Knock Off,12,Quick Attack,16,Fury Cutter,20,Faint Attack,23,Screech,27,Night Slash,31,Swords Dance,34,U-turn,38,X-Scissor,42,Guillotine,45,,
473,MAMOSWINE,AncientPower,1,Peck,1,Odor Sleuth,1,Mud Sport,1,Powder Snow,1,Mud Sport,4,Powder Snow,8,Mud-Slap,13,Endure,16,Mud Bomb,20,Hail,25,Ice Fang,28,Take Down,32,Double Hit,33,Earthquake,40,Mist,48,Blizzard,56,Scary Face,65,,,,
474,PORYGON-Z,Trick Room,1,Conversion 2,1,Tackle,1,Conversion,1,Nasty Plot,1,Psybeam,7,Agility,12,Recover,18,Magnet Rise,23,Signal Beam,29,Embargo,34,Discharge,40,Lock-On,45,Tri Attack,51,Magic Coat,56,Zap Cannon,62,Hyper Beam,67,,,,,,
475,GALLADE,Leaf Blade,1,Night Slash,1,Leer,1,Confusion,1,Double Team,1,Teleport,1,Confusion,6,Double Team,10,Teleport,12,Fury Cutter,17,Slash,22,Swords Dance,25,Psycho Cut,31,Helping Hand,36,Feint,39,False Swipe,45,Protect,50,Close Combat,53,,,,
476,PROBOPASS,Magnet Rise,1,Gravity,1,Tackle,1,Iron Defense,1,Magnet Bomb,1,Block,1,Iron Defense,7,Magnet Bomb,13,Block,19,Thunder Wave,25,Rock Slide,31,Sandstorm,37,Rest,43,Power Gem,49,Discharge,55,Stone Edge,61,Zap Cannon,67,Lock-On,73,Earth Power,79,,
477,DUSKNOIR,Fire Punch,1,Ice Punch,1,ThunderPunch,1,Gravity,1,Bind,1,Leer,1,Night Shade,1,Disable,1,Disable,6,Foresight,9,Astonish,14,Confuse Ray,17,Shadow Sneak,22,Pursuit,25,Curse,30,Will-O-Wisp,33,Shadow Punch,37,Mean Look,43,Payback,51,Future Sight,61
478,FROSLASS,Powder Snow,1,Leer,1,Double Team,1,Astonish,1,Double Team,4,Astonish,10,Icy Wind,13,Confuse Ray,19,Ominous Wind,22,Wake-Up Slap,28,Captivate,31,Ice Shard,37,Hail,40,Blizzard,51,Destiny Bond,59,,,,,,,,,,
479,ROTOM,Trick,1,Astonish,1,Thunder Wave,1,ThunderShock,1,Confuse Ray,1,Uproar,8,Double Team,15,Shock Wave,22,Ominous Wind,29,Substitute,36,Charge,43,Discharge,50,,,,,,,,,,,,,,,,
480,UXIE,Rest,1,Confusion,1,Imprison,6,Endure,16,Swift,21,Yawn,31,Future Sight,36,Amnesia,46,Extrasensory,51,Flail,61,Natural Gift,66,Memento,76,,,,,,,,,,,,,,,,
481,MESPRIT,Rest,1,Confusion,1,Imprison,6,Protect,16,Swift,21,Lucky Chant,31,Future Sight,36,Charm,46,Extrasensory,51,Copycat,61,Natural Gift,66,Healing Wish,76,,,,,,,,,,,,,,,,
482,AZELF,Rest,1,Confusion,1,Imprison,6,Detect,16,Swift,21,Uproar,31,Future Sight,36,Nasty Plot,46,Extrasensory,51,Last Resort,61,Natural Gift,66,Explosion,76,,,,,,,,,,,,,,,,
483,DIALGA,DragonBreath,1,Scary Face,1,Metal Claw,10,AncientPower,20,Dragon Claw,30,Roar of Time,40,Heal Block,50,Earth Power,60,Slash,70,Flash Cannon,80,Aura Sphere,90,,,,,,,,,,,,,,,,,,
484,PALKIA,DragonBreath,1,Scary Face,1,Water Pulse,10,AncientPower,20,Dragon Claw,30,Spacial Rend,40,Heal Block,50,Earth Power,60,Slash,70,Aqua Tail,80,Aura Sphere,90,,,,,,,,,,,,,,,,,,
485,HEATRAN,AncientPower,1,Leer,9,Fire Fang,17,Metal Sound,25,Crunch,33,Scary Face,41,Lava Plume,49,Fire Spin,57,Iron Head,65,Earth Power,73,Heat Wave,81,Stone Edge,88,Magma Storm,96,,,,,,,,,,,,,,
486,REGIGIGAS,Fire Punch,1,Ice Punch,1,ThunderPunch,1,Dizzy Punch,1,Knock Off,1,Confuse Ray,1,Foresight,1,Revenge,25,Zen Headbutt,50,Crush Grip,75,Giga Impact,100,,,,,,,,,,,,,,,,,,
487,GIRATINA,DragonBreath,1,Scary Face,1,Ominous Wind,10,AncientPower,20,Dragon Claw,30,Shadow Force,40,Heal Block,50,Earth Power,60,Slash,70,Shadow Claw,80,Aura Sphere,90,,,,,,,,,,,,,,,,,,
488,CRESSELIA,Confusion,1,Double Team,1,Safeguard,11,Mist,20,Aurora Beam,29,Future Sight,38,Slash,47,Moonlight,57,Psycho Cut,66,Psycho Shift,75,Lunar Dance,84,Psychic,93,,,,,,,,,,,,,,,,
489,PHIONE,Bubble,1,Water Sport,1,Charm,9,Supersonic,16,BubbleBeam,24,Acid Armor,31,Whirlpool,39,Water Pulse,46,Aqua Ring,54,Dive,61,Rain Dance,69,,,,,,,,,,,,,,,,,,
490,MANAPHY,Tail Glow,1,Bubble,1,Water Sport,1,Charm,9,Supersonic,16,BubbleBeam,24,Acid Armor,31,Whirlpool,39,Water Pulse,46,Aqua Ring,54,Dive,61,Rain Dance,69,Heart Swap,76,,,,,,,,,,,,,,
491,DARKRAI,Ominous Wind,1,Disable,1,Quick Attack,11,Hypnosis,20,Faint Attack,29,Nightmare,38,Double Team,47,Haze,57,Dark Void,66,Nasty Plot,75,Dream Eater,84,Dark Pulse,93,,,,,,,,,,,,,,,,
492,SHAYMIN,Growth,1,Magical Leaf,10,Leech Seed,19,Synthesis,28,Sweet Scent,37,Natural Gift,46,Worry Seed,55,Aromatherapy,64,Energy Ball,73,Sweet Kiss,82,Healing Wish,91,Seed Flare,100,,,,,,,,,,,,,,,,
493,ARCEUS,Seismic Toss,1,Cosmic Power,1,Natural Gift,1,Punishment,1,Gravity,10,Earth Power,20,Hyper Voice,30,ExtremeSpeed,40,Refresh,50,Future Sight,60,Recover,70,Hyper Beam,80,Perish Song,90,Judgment,100,,,,,,,,,,,,
494,Egg,Splash,1,,,,,,,,,,,,,,,,,,,,,,,,,,,,,,,,,,,,,,
495,Bad Egg,Splash,1,,,,,,,,,,,,,,,,,,,,,,,,,,,,,,,,,,,,,,
496,Deoxys (A),Leer,1,Wrap,1,Night Shade,9,Teleport,17,Taunt,25,Pursuit,33,Psychic,41,Superpower,49,Psycho Shift,57,Zen Headbutt,65,Cosmic Power,73,Zap Cannon,81,Psycho Boost,89,Hyper Beam,97,,,,,,,,,,,,
497,Deoxys (D),Leer,1,Wrap,1,Night Shade,9,Teleport,17,Knock Off,25,Spikes,33,Psychic,41,Snatch,49,Psycho Shift,57,Zen Headbutt,65,Iron Defense,73,Amnesia,73,Recover,81,Psycho Boost,89,Counter,97,Mirror Coat,97,,,,,,,,
498,Deoxys (S),Leer,1,Wrap,1,Night Shade,9,Double Team,17,Knock Off,25,Pursuit,33,Psychic,41,Swift,49,Psycho Shift,57,Zen Headbutt,65,Agility,73,Recover,81,Psycho Boost,89,ExtremeSpeed,97,,,,,,,,,,,,
499,Wormadam (S),Tackle,1,Protect,10,Bug Bite,15,Hidden Power,20,Confusion,23,Rock Blast,26,Harden,29,Psybeam,32,Captivate,35,Flail,38,Attract,41,Psychic,44,Fissure,47,,,,,,,,,,,,,,
500,Wormadam (T),Tackle,1,Protect,10,Bug Bite,15,Hidden Power,20,Confusion,23,Mirror Shot,26,Metal Sound,29,Psybeam,32,Captivate,35,Flail,38,Attract,41,Psychic,44,Iron Head,47,,,,,,,,,,,,,,
501,Giratina (O),DragonBreath,1,Scary Face,1,Ominous Wind,10,AncientPower,20,Dragon Claw,30,Shadow Force,40,Heal Block,50,Earth Power,60,Slash,70,Shadow Claw,80,Aura Sphere,90,,,,,,,,,,,,,,,,,,
502,Shaymin (S),Growth,1,Magical Leaf,10,Leech Seed,19,Quick Attack,28,Sweet Scent,37,Natural Gift,46,Worry Seed,55,Air Slash,64,Energy Ball,73,Sweet Kiss,82,Leaf Storm,91,Seed Flare,100,,,,,,,,,,,,,,,,
503,Rotom (Heat),Trick,1,Astonish,1,Thunder Wave,1,ThunderShock,1,Confuse Ray,1,Uproar,8,Double Team,15,Shock Wave,22,Ominous Wind,29,Substitute,36,Charge,43,Discharge,50,,,,,,,,,,,,,,,,
504,Rotom (Wash),Trick,1,Astonish,1,Thunder Wave,1,ThunderShock,1,Confuse Ray,1,Uproar,8,Double Team,15,Shock Wave,22,Ominous Wind,29,Substitute,36,Charge,43,Discharge,50,,,,,,,,,,,,,,,,
505,Rotom (Frost),Trick,1,Astonish,1,Thunder Wave,1,ThunderShock,1,Confuse Ray,1,Uproar,8,Double Team,15,Shock Wave,22,Ominous Wind,29,Substitute,36,Charge,43,Discharge,50,,,,,,,,,,,,,,,,
506,Rotom (Fan),Trick,1,Astonish,1,Thunder Wave,1,ThunderShock,1,Confuse Ray,1,Uproar,8,Double Team,15,Shock Wave,22,Ominous Wind,29,Substitute,36,Charge,43,Discharge,50,,,,,,,,,,,,,,,,
507,Rotom (Mow),Trick,1,Astonish,1,Thunder Wave,1,ThunderShock,1,Confuse Ray,1,Uproar,8,Double Team,15,Shock Wave,22,Ominous Wind,29,Substitute,36,Charge,43,Discharge,50,,,,,,,,,,,,,,,,